MSME_ID,Sector,Years_of_Operation,Ownership_Type,Category,Location_Type,Annual_Revenue,Revenue_Growth_Rate,Profit_Margin,Debt_Outstanding,Loan_to_Revenue_Ratio,Number_of_Employees,Capacity_Utilization,Export Percentage,Technology_Level,GST_Compliance_Score,Inspection_Score,Documentation_Readiness_Score,Growth_Category,Growth_Score,Predicted_Growth_Category
MSME_0001,Textiles,15,Private Limited,Micro,Urban,8222922.701900608,0.0045980821176709,0.0333592307986858,3671292.067365055,0.4464704583099741,37,47.85767498570674,39.05330837693117,5,98.79639408647978,91.62213204002109,60.61695553391381,High,87.0,High
MSME_0002,Textiles,21,Sole Proprietorship,Small,Rural,849782.1083760116,-0.0419281512355044,0.1406981718594295,220896.0906781894,0.2599443886861022,34,65.08384913193697,47.110557683580815,3,75.29847965068652,99.1615442903394,73.338144662399,Low,9.25,Low
MSME_0003,Retail,19,Private Limited,Micro,Urban,3720053.852771336,0.2821099380386666,0.2420953676071486,1574918.0530494428,0.4233589392465845,10,40.87814387211178,0.0,2,87.36932106048627,72.00762468698007,56.10191174223894,High,89.5,High
MSME_0004,Retail,8,Private Limited,Medium,Rural,19857500.074875414,0.0137826307258218,0.19373312437306,5362763.131304989,0.2700623497964979,73,70.06906536388038,0.0,5,98.78338511058234,88.75664116805572,96.97494707820944,High,54.75,Moderate
MSME_0005,Textiles,14,Private Limited,Medium,Rural,10201151.689747687,-0.0341704488813116,0.0948259760755508,2606097.565167733,0.2554709158757928,101,69.68306728139939,35.20506993983089,1,71.23738038749524,77.13480415791243,57.04621124873813,Low,12.25,Low
MSME_0006,Retail,1,Sole Proprietorship,Medium,Urban,38726116.08018454,0.0195504885369603,0.0212700869384285,16504473.182920458,0.4261845713819336,100,79.12380740117575,0.0,3,78.56351733429729,53.70223258670452,67.92328642721363,Low,26.25,Low
MSME_0007,Manufacturing,7,Sole Proprietorship,Small,Urban,3646138.33915817,0.0588438126004817,0.0947921640661518,1428711.8576458525,0.3918424713352256,123,55.10969861445353,33.67460555086207,3,64.78376983753206,85.66223936114974,88.03925243084487,Low,9.75,Low
MSME_0008,IT Services,23,Private Limited,Small,Semi-Urban,2501462.682152352,0.1987320113900255,0.0455048887867212,689739.8139450675,0.275734600746308,82,89.26699776204356,0.0,1,72.57423924305307,75.42853455823514,95.37832369630463,Moderate,48.75,Moderate
MSME_0009,Retail,15,Private Limited,Micro,Urban,4310505.536525253,0.0514130085198187,0.057080896068421,2034037.304739402,0.4718790609370292,46,56.25985272107427,0.0,5,94.85842360750873,90.18360384495573,59.32850294430179,High,88.25,High
MSME_0010,Food Processing,23,Sole Proprietorship,Medium,Rural,5947570.26412,0.0297773068896795,0.1182347913840389,2540837.145376681,0.4272059063689973,22,40.382367179215485,0.0,3,76.69644012595116,61.105390523536514,55.99326836668414,Low,9.25,Low
MSME_0011,Textiles,24,Private Limited,Medium,Rural,11328828.868866976,0.1453357007060693,0.1128823193433494,1426944.1518522496,0.1259568988435926,71,53.57818345612306,41.7782563703873,3,72.03513239267079,64.24202471887338,51.84434736772664,Moderate,51.25,Moderate
MSME_0012,Manufacturing,2,Partnership,Small,Semi-Urban,14292999.979712266,0.2678930600883288,0.0750992348534036,2257692.959515332,0.1579579488364892,87,44.44693294829934,22.179267363684268,1,76.41081743059297,68.38915663596266,81.61529152967897,High,85.25,High
MSME_0013,Food Processing,16,Sole Proprietorship,Micro,Semi-Urban,9732666.264792783,-0.0357287004558326,0.1559053769332956,3611069.749170572,0.3710257447369129,20,79.11322428409099,0.0,3,73.94663949166917,54.80882755457104,97.0261632244802,Low,8.0,Low
MSME_0014,IT Services,8,Sole Proprietorship,Medium,Urban,6116939.301409159,0.2736427663974969,0.2217880512776256,1242819.2421570302,0.2031766510860622,109,94.01925888311897,0.0,4,81.18602313424026,62.092614545022585,54.65513839029496,High,91.0,High
MSME_0015,Textiles,5,Sole Proprietorship,Medium,Semi-Urban,17281974.656910684,0.0722233511144313,0.186969806140155,7929732.176473065,0.4588441039810308,73,82.89315502216931,38.52189876925726,3,86.78174971104738,89.26703255569717,83.44941273571143,Moderate,30.5,Low
MSME_0016,Food Processing,16,Partnership,Micro,Semi-Urban,48696359.919388205,0.0493723411581129,0.0902336878792105,14328684.842514817,0.2942455014344907,36,75.85786927264303,0.0,1,67.03701010709382,50.90376818077604,74.69468575917173,Low,11.5,Low
MSME_0017,Textiles,24,Private Limited,Medium,Urban,15749009.196693266,0.1398890806942147,0.1370272376729148,5583544.222055555,0.3545330472743582,41,53.4194303858496,58.380633285146736,5,79.4696861183782,95.3049393859277,71.71971827552143,High,88.25,High
MSME_0018,Retail,1,Private Limited,Micro,Urban,11894170.777956989,0.1247176829596633,0.1515609658181121,4845942.157093153,0.4074216057225236,18,94.70027809385375,0.0,5,53.978017089837934,94.17470111331296,87.3859386948707,High,82.25,High
MSME_0019,Retail,24,Sole Proprietorship,Micro,Rural,48349413.542661645,0.2872669919812385,0.2161921747574928,10529513.854206542,0.2177795568278342,22,50.50010671326904,0.0,1,72.6768802062511,58.474637334304624,77.84006312291751,High,84.75,High
MSME_0020,IT Services,3,Partnership,Small,Semi-Urban,49507665.58016104,-0.0009705946672165,0.1392158200436594,22325443.61163522,0.4509492287711821,36,86.67683872085709,0.0,1,75.12420419935546,67.97455756098776,64.67959221322467,Low,11.0,Low
MSME_0021,IT Services,3,Partnership,Micro,Urban,4538911.929811898,-0.0481852980291046,0.1644157154381862,806608.1390802021,0.1777095814048169,9,78.60817824917368,0.0,4,84.33085744753299,51.38083859368523,78.94324477537793,Low,14.25,Low
MSME_0022,Food Processing,25,Partnership,Medium,Rural,14683791.98035008,0.1567916411991537,0.0270150574859813,1687744.4118095343,0.1149392754996857,89,56.67960330702726,0.0,3,65.0824205060754,76.11216300274022,88.49967765493054,Moderate,50.5,Moderate
MSME_0023,Textiles,12,Sole Proprietorship,Medium,Rural,3058245.197846081,0.1359741210488517,0.1443460779703245,1085591.2938727643,0.3549719605992826,71,47.30099822336334,58.172212026849536,2,72.91825891764984,89.75930973843518,63.54161256310371,Moderate,51.0,Moderate
MSME_0024,Textiles,23,Partnership,Micro,Rural,48151096.52655729,0.242593042179272,0.1800740674015505,12691722.733180262,0.263581177765708,2,64.32937263521075,14.387241549444196,1,86.40789506870925,63.99669484729714,97.7432640331597,High,90.0,High
MSME_0025,Retail,22,Sole Proprietorship,Medium,Semi-Urban,12762683.980307294,0.0745904375279415,0.1943046054068049,1349748.2167330177,0.1057573954519023,88,45.17863435477081,0.0,4,67.01321079557354,50.85805509158751,88.16822115019555,Moderate,51.25,Moderate
MSME_0026,Retail,7,Sole Proprietorship,Small,Rural,32663797.290816788,-0.0331793765310381,0.2383035182660187,14851319.10206022,0.4546721549192191,115,87.10694126535773,0.0,5,87.35855077592564,80.79255821949569,97.19458022803786,Moderate,52.25,Moderate
MSME_0027,IT Services,17,Private Limited,Small,Semi-Urban,32342766.812896483,0.1103885116720308,0.145491861542665,15414107.390412582,0.4765859235106101,86,85.12347640741974,0.0,2,68.26737439506982,63.69805636605669,60.72945598541871,Low,17.5,Low
MSME_0028,IT Services,19,Partnership,Medium,Semi-Urban,4023838.098781335,0.0616414706028164,0.2143213215229745,439840.81053661625,0.1093087742943303,134,55.502012612536994,0.0,4,87.71561434767757,67.41683022265987,96.83240759278536,Moderate,52.25,Moderate
MSME_0029,Textiles,25,Sole Proprietorship,Micro,Urban,27624608.220780324,0.0982148298078414,0.1507596652624904,9126337.124567593,0.3303698301032338,36,62.69397223012845,22.32108514756699,5,69.5438743916136,83.99223899501229,86.99543802236872,High,63.75,Moderate
MSME_0030,Food Processing,9,Partnership,Micro,Urban,25509992.436168928,0.2392601131377095,0.0936114082370407,11688915.557757556,0.4582092913984802,37,40.59607083141641,0.0,1,93.8857257638236,67.74525952313603,97.8400442563228,High,88.25,High
MSME_0031,Textiles,19,Partnership,Medium,Urban,5039355.289294814,0.1608543240653916,0.1473517020395341,932740.1061178414,0.1850911580096916,72,83.53684740492167,47.37708856767323,5,97.2371642274917,98.71241042672052,99.79656210151646,High,91.25,High
MSME_0032,IT Services,5,Private Limited,Medium,Urban,17870293.121327896,-0.0090265442503379,0.0528880868721522,7230396.593652313,0.4046042526869889,26,63.435031127581766,0.0,2,59.832580097712594,94.59484543883885,57.33024108460128,Low,4.75,Low
MSME_0033,Retail,5,Partnership,Medium,Urban,18846786.2798111,0.2344798485401258,0.2378671727982875,9317859.156595524,0.4944004255291485,55,60.69427720420037,0.0,3,78.85734579637185,77.92021248679025,71.21110046234881,High,91.0,High
MSME_0034,IT Services,19,Private Limited,Small,Semi-Urban,13057267.606720367,0.0918207303734959,0.1514387957971524,5175764.357270193,0.3963895443642672,80,85.25346935321812,0.0,1,87.24157708387636,61.8753235646235,70.01114464360124,Low,8.25,Low
MSME_0035,Textiles,17,Sole Proprietorship,Micro,Rural,22098623.66452452,0.2307382371593569,0.2449171538134822,7124640.808269208,0.3224020154570338,48,89.01287125339391,31.662066545177996,3,96.76462861114638,62.64950839946206,84.77055615533237,High,91.75,High
MSME_0036,Manufacturing,18,Private Limited,Micro,Urban,34939560.10473855,0.1090893726687206,0.1643383584193345,11660230.0190723,0.3337257247692401,17,80.54053882136606,54.91526050014638,2,98.01645936306237,94.51318919454582,72.78283763928565,Moderate,46.75,Moderate
MSME_0037,Textiles,21,Partnership,Small,Rural,11855039.912395008,0.0430782737374836,0.1028793718972117,2418190.390983058,0.2039799451417051,65,44.19102087795397,56.431909628123,3,89.0287803355344,80.6707597967895,70.91215181453094,Moderate,41.0,Moderate
MSME_0038,IT Services,13,Sole Proprietorship,Medium,Urban,38991313.04489367,0.1181295286532241,0.246615791653066,9774950.14971378,0.2506955879751763,45,60.94899711470619,0.0,3,93.68475692542836,91.91643523555688,73.43465798974852,High,50.75,Moderate
MSME_0039,Food Processing,1,Sole Proprietorship,Medium,Rural,34739862.65986115,0.137021196260312,0.1924794723780935,16163287.39363384,0.4652663009030572,42,82.29430783492808,0.0,5,77.85406010212279,68.89252746378932,62.05424161648159,High,89.0,High
MSME_0040,Manufacturing,14,Sole Proprietorship,Medium,Urban,30505644.40531856,0.0300249819262119,0.174491157413347,10593124.560649382,0.3472512961831583,111,54.776986511391904,1.3310845218180978,2,80.81230803615173,88.61591958678196,76.00817505559966,Low,9.0,Low
MSME_0041,Textiles,1,Partnership,Micro,Rural,43894353.33158808,0.0912190031743389,0.0508235025436473,4894794.118729382,0.1115130705253356,16,83.15675451693703,38.36168141845454,3,50.64820807544554,56.818573779338486,50.7272332833941,Low,14.5,Low
MSME_0042,IT Services,2,Partnership,Small,Semi-Urban,22155008.64017459,0.2664555430728119,0.100098757415359,6770477.493335273,0.3055957956639243,98,61.80985302766986,0.0,2,83.11818543733726,97.47603118288212,57.3536740464519,High,89.25,High
MSME_0043,Manufacturing,10,Sole Proprietorship,Micro,Rural,31229881.37889352,0.0715946928788949,0.0681000819480582,10363947.615823667,0.3318599737886953,12,44.17248304597651,7.7327833146389535,3,65.5530869059764,82.04373724016074,59.09400421995724,Low,30.0,Low
MSME_0044,Manufacturing,3,Private Limited,Medium,Urban,48668962.28887016,0.160677388439336,0.0714852851584537,20865175.23445865,0.4287162547377797,111,59.1190567965476,1.908280889109908,1,66.72117518662616,67.7995742135993,94.71086314479628,Low,13.5,Low
MSME_0045,Manufacturing,14,Partnership,Micro,Semi-Urban,2445950.9221343976,0.2297936396181649,0.1644170895829088,324586.5240487034,0.1327036127795487,31,48.633772549390656,22.637157914524355,1,71.07510592588815,90.31006398965306,87.41298451918291,Moderate,54.5,Moderate
MSME_0046,Retail,20,Private Limited,Medium,Semi-Urban,46240067.07581794,0.0326407865910915,0.1947897440556447,14450312.347110275,0.3125063015894136,149,81.11090159735662,0.0,3,70.09747777376083,85.66747929422762,94.76034188435996,Low,9.5,Low
MSME_0047,Food Processing,15,Sole Proprietorship,Small,Rural,18030260.20425971,0.0890073413764288,0.0441199083024706,7121269.117164897,0.3949620824375276,47,41.10391587777495,0.0,1,93.62839943511725,54.46021643560281,76.76677820077617,Low,12.0,Low
MSME_0048,Manufacturing,17,Sole Proprietorship,Micro,Rural,39563976.311063245,0.12445476962517,0.0399916662601074,12456425.829916772,0.3148426167274191,35,70.67582462727405,35.19212607964555,4,65.10321211182256,64.18879528993622,68.15411481993175,Moderate,76.25,High
MSME_0049,IT Services,2,Private Limited,Medium,Urban,16852249.823405243,0.2767921383159561,0.0217329035208371,3204170.8225238696,0.1901331190850113,89,53.527675061147946,0.0,4,82.5408758918073,54.3943812270072,90.29324433705716,High,85.25,High
MSME_0050,Manufacturing,23,Private Limited,Medium,Semi-Urban,20814642.935988244,0.2938325159180122,0.045768947498652,5393953.187287151,0.2591422396182966,94,87.60289192416892,49.0243242569568,1,79.62995117035138,86.14480483108878,91.04307365766763,High,61.5,Moderate
MSME_0051,IT Services,15,Private Limited,Small,Semi-Urban,42009836.65577993,0.0217771460523106,0.2426386352959738,16147782.667959444,0.3843809915346993,39,53.33253528282941,0.0,1,84.4248016976653,64.43152766201278,79.06191107113061,Low,11.25,Low
MSME_0052,Food Processing,4,Sole Proprietorship,Medium,Semi-Urban,3065265.072710132,0.0678114973678721,0.050915375695964,384230.9406606976,0.1253499881891071,149,57.72946147360976,0.0,2,44.39340556213284,56.94123867210102,50.13554497071648,Low,10.75,Low
MSME_0053,Manufacturing,11,Private Limited,Small,Semi-Urban,39817327.77333989,-0.0126552624602973,0.2156673158037846,15862817.655068,0.3983898102194873,97,91.3115936904975,59.45576858744344,2,67.24932264662641,53.32481336833887,87.05603246450295,Low,32.0,Low
MSME_0054,Textiles,8,Private Limited,Micro,Urban,10480552.342363354,0.0072795800029965,0.0577811335241283,4462932.43109673,0.4258298880925528,15,68.76859836230156,21.52982904741015,5,83.53226703180226,84.14910317085662,72.59743006495196,Moderate,51.5,Moderate
MSME_0055,Food Processing,6,Sole Proprietorship,Medium,Semi-Urban,25384659.30957772,0.031274443301386,0.2269021518531507,6436445.077556433,0.2535564885492846,72,89.85596610305008,0.0,3,81.71397242453637,71.57640715682213,66.64078929562422,Low,33.5,Low
MSME_0056,Food Processing,8,Partnership,Medium,Semi-Urban,31193601.41846142,0.1367113821917125,0.2255952941017202,12959034.976505442,0.4154388844898123,57,81.38217160213526,0.0,5,69.93956559257863,87.19731462863385,51.67662173678897,High,88.25,High
MSME_0057,IT Services,10,Sole Proprietorship,Medium,Rural,17433046.56143742,0.2374400566352045,0.0454452994996976,7645801.541681048,0.4385809166938073,34,83.85124511787545,0.0,5,79.45429927982431,70.44775885427467,88.59409902991226,High,96.5,High
MSME_0058,Food Processing,19,Private Limited,Small,Semi-Urban,30151953.556477662,0.2393795897331774,0.2405872027497264,7146305.553413547,0.2370097028714173,42,65.4103192004273,0.0,3,66.13405612464321,79.31149160083986,75.2944339442233,High,88.5,High
MSME_0059,Manufacturing,1,Private Limited,Medium,Urban,46163719.36827613,0.1975335220096895,0.0550839798702801,15257817.590405537,0.3305153440667253,141,43.79068466519704,4.639263929327235,1,86.27842564533881,72.5419685702066,55.661902292037766,Moderate,53.5,Moderate
MSME_0060,Retail,14,Partnership,Medium,Urban,16941247.426419478,0.0590054924159744,0.0723009928017359,5813520.476402674,0.3431577575177035,72,58.43584829052455,0.0,4,91.51159554857968,80.18607658650694,55.71336500278439,Moderate,55.25,Moderate
MSME_0061,Textiles,25,Partnership,Medium,Rural,17644126.721115083,0.0714336206636796,0.1896252870652421,4956008.933960103,0.2808871763559228,127,90.20122045835208,14.893586565429114,1,79.9347109095792,70.9462724752274,95.742295053405,Low,14.5,Low
MSME_0062,Manufacturing,11,Partnership,Small,Rural,33345099.91482717,0.0123125884044129,0.2410461730179746,5317379.395698039,0.1594650911012451,137,87.33476098399038,32.104183136019515,1,71.98383647065909,65.49684631343055,69.8659057728799,Low,22.25,Low
MSME_0063,Food Processing,24,Private Limited,Small,Rural,9939042.172851495,-0.0372076162531667,0.1285753973752998,3239496.1550685004,0.3259364533050466,37,56.17245735715344,0.0,3,78.13155338992111,76.219513466379,72.03813734691141,Low,4.75,Low
MSME_0064,IT Services,6,Private Limited,Medium,Urban,17050959.159868866,-0.0235738226686387,0.1932466307719137,3562299.0375838354,0.2089207418881198,129,68.96181566626116,0.0,1,61.015454226413794,57.80762986830952,85.79861144236988,Low,3.5,Low
MSME_0065,Retail,8,Sole Proprietorship,Micro,Semi-Urban,13067483.92014356,0.0186395848927084,0.1362668121943877,4417065.581587588,0.3380195918801683,48,71.31939347699252,0.0,3,86.10984431407499,61.90913905233633,54.97206963796726,Low,9.25,Low
MSME_0066,Food Processing,16,Sole Proprietorship,Small,Urban,20616419.25953934,0.0633965213873798,0.0399927534385803,7283704.849073911,0.3532963099643842,104,41.45927121306008,0.0,5,95.05776303501176,82.14627818071267,85.19730675692547,High,82.5,High
MSME_0067,Manufacturing,15,Sole Proprietorship,Medium,Rural,41342812.90542166,0.0770707242682816,0.0278724654887217,17870918.832131155,0.4322618026260999,56,62.51764087051822,33.12283085111881,2,94.44272079898886,60.975526254047935,98.7273632599435,Moderate,47.0,Moderate
MSME_0068,Textiles,24,Sole Proprietorship,Small,Rural,24627844.313350927,0.263093279412932,0.2039667088678824,6651621.2265361445,0.2700854017876933,134,68.18517107350569,44.501216653719936,2,85.33912879304589,62.89438427166012,56.96780370364121,High,88.25,High
MSME_0069,Food Processing,14,Partnership,Small,Urban,8998124.649491023,0.0453075642817791,0.0242298556059173,4190602.316274002,0.4657195226241996,104,84.82799356213513,0.0,1,70.96220882748824,77.70890012578967,82.57101941759322,Low,7.0,Low
MSME_0070,IT Services,12,Private Limited,Micro,Rural,7430917.663692226,0.0422893309221157,0.0812946304753029,2919413.09323102,0.3928738313836249,35,73.02842732385093,0.0,1,79.77095400553085,78.66471890897003,91.9053481589148,Low,7.0,Low
MSME_0071,Retail,14,Partnership,Small,Semi-Urban,9626360.57360868,-0.0183820637978372,0.19732676287316,1225434.5664732826,0.1272998821416366,30,55.8781555223885,0.0,4,88.76183620736981,64.85608578115875,78.32023201484486,Moderate,46.75,Moderate
MSME_0072,IT Services,23,Private Limited,Small,Rural,36762318.81190739,0.0252291325067648,0.0271721210640954,7532805.644970888,0.20490561771993,100,67.300143596068,0.0,5,66.18688563532945,81.16662754524954,73.71186543501848,Moderate,47.75,Moderate
MSME_0073,Manufacturing,9,Sole Proprietorship,Micro,Urban,35393814.709603176,0.1594001203938541,0.1257267479350601,4614410.693716584,0.1303733641478488,38,40.128666484417806,58.06196329242519,2,64.12374984054979,65.72982784047055,90.37151259083804,Moderate,51.5,Moderate
MSME_0074,Manufacturing,17,Partnership,Micro,Semi-Urban,26304383.036971685,-0.0196531758482357,0.2403792823909039,10610056.123201486,0.4033569655782726,32,84.36086313237973,39.52700200264304,1,96.134552505441,82.33324595585816,84.65876057284623,Low,23.5,Low
MSME_0075,Manufacturing,13,Partnership,Medium,Rural,29619055.97001159,0.2997737248480422,0.1478355137305513,8568320.386211881,0.2892840472325333,33,46.628741833255546,43.8614202874969,3,96.9758478150612,98.55291225826838,97.2133244556717,High,94.0,High
MSME_0076,IT Services,20,Private Limited,Medium,Rural,26360511.515522864,0.1755913277190377,0.1695384906019424,6481493.569151817,0.2458788997829223,127,46.63117871775033,0.0,2,95.39993426093125,76.51325663174501,72.05160808740808,High,84.5,High
MSME_0077,Textiles,7,Private Limited,Micro,Urban,33251931.166486803,0.2082495184172837,0.1396386652721083,9002189.6720767,0.2707268226619457,45,52.812771111449855,1.4640468933922812,2,99.61365253367109,50.01187617879423,59.27364547883612,High,87.75,High
MSME_0078,IT Services,3,Private Limited,Medium,Rural,17860234.86485965,0.2185159011258944,0.1124441101301257,5214300.000305176,0.2919502481215635,35,88.05224128024864,0.0,1,78.41367069322591,70.8883391083667,71.06785011385351,Moderate,59.0,Moderate
MSME_0079,Retail,1,Partnership,Micro,Semi-Urban,23631882.9436138,0.0539510067592087,0.2161490189891373,9127137.168573536,0.3862213260936967,38,42.3151254299999,0.0,1,85.51695510287672,52.25503386101616,55.47337993395576,Low,7.000000000000001,Low
MSME_0080,Manufacturing,24,Private Limited,Small,Urban,39424078.21356983,-0.0187061491907091,0.1160435784305335,17805779.38788175,0.4516473230248659,65,73.04391455432089,54.22343803051623,2,66.681357843683,99.55843130684885,61.58358506917217,Low,9.75,Low
MSME_0081,Textiles,22,Sole Proprietorship,Medium,Urban,6456768.720732299,-0.0335691249982654,0.1083408406429874,740544.7219244519,0.1146927749706454,22,85.44131326866813,48.0461812277925,1,80.73041466705568,79.86370362151705,76.25157504301342,Low,6.0,Low
MSME_0082,Food Processing,10,Private Limited,Small,Rural,34953020.59366272,0.0038635672189492,0.2076416187478421,6633252.431150367,0.1897762287346642,139,81.13293822507256,0.0,1,83.71759739366813,79.00431039189056,54.57434186988775,Low,7.25,Low
MSME_0083,Manufacturing,24,Private Limited,Medium,Urban,44493029.95351437,0.2844780243804137,0.2182893519710536,18856432.179585587,0.4238064298899512,59,91.23742185754443,44.11275927140717,2,76.33812852282794,68.6344258506157,62.98768918801631,High,91.0,High
MSME_0084,Retail,16,Partnership,Small,Rural,48125037.643306464,-0.0116858989809411,0.2257303841226555,23898418.894836783,0.4965901340580193,133,67.2330589857686,0.0,5,96.2605487777832,78.56594709597871,83.10560050532823,Moderate,48.75,Moderate
MSME_0085,Food Processing,13,Sole Proprietorship,Micro,Rural,26302385.452930536,0.2538562814180414,0.0764156724187269,4285612.416858739,0.1629362638810104,49,78.95996371932691,0.0,3,69.54760125204069,96.50451752548692,55.2917046914292,High,92.0,High
MSME_0086,Food Processing,6,Private Limited,Micro,Semi-Urban,48085106.76515292,0.1129145030694942,0.2221864404524702,4907473.110541453,0.1020580683018859,33,58.4315369842528,0.0,2,92.71868096476248,91.6067088978871,75.37338668804182,Moderate,47.75,Moderate
MSME_0087,IT Services,13,Partnership,Medium,Urban,28212293.45928706,-0.0094546501269098,0.1066399332569637,2923610.682906337,0.10362896186109,128,82.89149673331289,0.0,3,90.44111610008112,77.06332893380551,98.14960019294972,Low,7.75,Low
MSME_0088,Textiles,15,Partnership,Micro,Urban,39545945.60260184,0.0108137163576483,0.1972964449644276,18939310.86363808,0.4789191553025352,18,82.40413608926745,42.51432027615776,1,62.31681842235193,53.7347208878927,92.62073295993238,Low,11.5,Low
MSME_0089,Retail,12,Private Limited,Medium,Urban,19488806.89007828,-0.0270308493990954,0.2089479779037114,4847517.42764374,0.2487334116954898,77,40.05662139150984,0.0,2,70.94506665126664,99.85622500788556,71.30906511179865,Low,8.0,Low
MSME_0090,Retail,9,Private Limited,Medium,Semi-Urban,41383077.90709488,0.0544310508464974,0.2131878478746685,16931021.916234717,0.4091291120067218,103,75.99811678546243,0.0,3,94.72217290129171,98.1618326720066,51.565115687375815,Moderate,32.5,Low
MSME_0091,Retail,21,Private Limited,Micro,Semi-Urban,48243763.37737532,0.216032927453334,0.1217287153476093,10844271.543556856,0.2247807961980522,39,52.64750332400974,0.0,5,68.01436574194851,93.40614067452654,85.74620201011238,High,96.5,High
MSME_0092,IT Services,15,Private Limited,Small,Urban,43496846.813802734,0.2218088984771096,0.1973120242681319,19047847.347088285,0.437913291246755,112,47.21846827253132,0.0,5,96.47344139839645,98.37556318068889,59.27294373383272,High,94.5,High
MSME_0093,Manufacturing,14,Private Limited,Micro,Rural,34435481.717834085,0.1006070632148119,0.0661206871410774,10214866.182544084,0.2966378186965748,23,72.00842710529193,16.13960426610586,3,99.37405629611617,57.47903213337829,73.22992983179051,Moderate,53.5,Moderate
MSME_0094,IT Services,14,Private Limited,Medium,Rural,14937297.64611051,0.1932436601442899,0.217828151353517,6153276.300896487,0.4119403955573399,30,66.4278820991806,0.0,1,69.6818006345011,99.33312966335733,57.12477714507566,Moderate,50.25,Moderate
MSME_0095,Textiles,20,Sole Proprietorship,Small,Rural,16659834.7580776,0.1311990751846489,0.0402092948033116,4002538.170078477,0.2402507724836723,96,44.32181734352614,23.815396572095764,2,99.09865545259144,60.04295449311471,84.65969704113405,Moderate,56.75,Moderate
MSME_0096,IT Services,10,Private Limited,Micro,Semi-Urban,6648888.353038938,0.2636774559397634,0.1567986265966953,2304782.8444142328,0.3466418327449896,32,69.77129844155888,0.0,2,97.40807261197838,97.36752313155192,81.26523301069739,High,74.0,High
MSME_0097,Textiles,15,Private Limited,Medium,Semi-Urban,33210595.85581291,0.1435505084071854,0.1574194484053439,13733678.045670774,0.4135330213675448,146,75.39677323580887,31.584159656166797,2,77.54428865958154,86.24132799370292,79.66393241550894,Moderate,46.5,Moderate
MSME_0098,Textiles,13,Sole Proprietorship,Micro,Semi-Urban,11351092.374223191,0.291552839536696,0.0974860321073545,1962004.151015686,0.1728471662754797,33,67.40076440492264,33.321813056257874,2,86.1305207694932,66.61573126775545,77.12393178596838,High,90.5,High
MSME_0099,Food Processing,3,Partnership,Medium,Semi-Urban,11417775.683655,0.0964399260336784,0.0668230044787158,4980216.387428743,0.4361809625107734,68,87.75498779746093,0.0,2,77.13532605999904,71.27466672240377,67.29674962734815,Low,31.5,Low
MSME_0100,Textiles,20,Partnership,Micro,Semi-Urban,29144432.724333476,0.1035153967163566,0.1868092618954814,8587919.361383284,0.2946675765698811,3,72.87479608907253,47.57736567633789,2,99.68533265362689,64.19272643043224,67.95755148331158,Moderate,53.25,Moderate
MSME_0101,Food Processing,13,Partnership,Micro,Semi-Urban,12171708.650980888,0.2216000724624003,0.1132213421097209,4147414.217081405,0.3407421534648034,43,53.06488287081327,0.0,2,67.23907810837959,92.71925466847895,74.61389282240174,Moderate,58.0,Moderate
MSME_0102,Textiles,15,Partnership,Medium,Urban,33299753.310911857,-0.0166584722158808,0.1699883464720007,7487756.644880072,0.2248592226785788,47,54.197338798562015,39.404199872477534,1,90.93892502746402,56.54368303591749,98.49105225392724,Low,10.0,Low
MSME_0103,Food Processing,10,Private Limited,Small,Rural,16879023.46796401,0.107072150840991,0.1739597923356531,2671993.761201625,0.1583026272979006,39,72.33364041107129,0.0,4,88.27108867541783,58.35209539504749,58.380960814415886,High,86.25,High
MSME_0104,Manufacturing,11,Sole Proprietorship,Medium,Urban,26908840.30233493,0.2236266154457603,0.1822386866458068,7495389.080224117,0.2785474586050342,130,87.75492042822923,12.350472602206096,5,61.367510637566326,99.33464901785808,56.14854042648133,High,72.0,High
MSME_0105,Retail,20,Partnership,Micro,Urban,6544440.743496327,0.1082696598992023,0.2347912540314181,1482070.0322356117,0.2264624419907001,15,77.85143262266274,0.0,4,99.46520491835388,98.25593482180228,50.24699904672048,High,86.0,High
MSME_0106,IT Services,25,Partnership,Micro,Urban,29215555.36992567,0.0389786029641226,0.139997910726329,6925880.318950475,0.2370613952483661,39,47.68081901159721,0.0,5,65.74169448157572,96.99098959634208,86.64494591706709,Moderate,52.75,Moderate
MSME_0107,IT Services,21,Sole Proprietorship,Medium,Urban,22465635.855576277,0.2538497890321268,0.0607444515728987,8470676.55629154,0.3770503808904658,74,93.82472080702917,0.0,3,87.32992113158583,74.85873820042136,80.8923620100607,High,94.0,High
MSME_0108,Manufacturing,12,Private Limited,Micro,Rural,45974550.95117846,0.1602133398911826,0.2364013319577549,19802873.65016874,0.4307355534847509,49,75.81781373728207,6.395581818479443,4,66.37149780971221,80.24769613452705,65.90557768090598,High,88.25,High
MSME_0109,Manufacturing,9,Sole Proprietorship,Micro,Urban,4978843.916709011,0.0510399584357233,0.0450952153061224,1793402.7758133567,0.3602046591166863,39,57.986823885978126,40.05560313381508,2,90.49140539106465,89.89068244293173,71.77916574064665,Low,8.5,Low
MSME_0110,Food Processing,1,Partnership,Small,Semi-Urban,785053.6946570177,0.0636050404650945,0.1042861530204215,202912.10357372623,0.2584690766437021,79,70.16748469083123,0.0,1,51.87720654371637,68.662589581467,61.363481363157575,Low,4.5,Low
MSME_0111,IT Services,11,Private Limited,Small,Rural,31164772.12747592,0.1122229153302003,0.1073507294412228,13878715.796302823,0.44533345982873,67,86.59420487549158,0.0,4,61.02568263225743,67.06239138130782,69.00978093929285,Moderate,55.25,Moderate
MSME_0112,IT Services,16,Sole Proprietorship,Medium,Semi-Urban,20021083.529008336,0.1422949834506586,0.1917814147112392,7732069.639013042,0.3861963628397098,40,50.76778921259504,0.0,5,95.92122195799948,62.174114828814965,96.35172723981532,High,93.25,High
MSME_0113,Textiles,21,Sole Proprietorship,Small,Semi-Urban,5520331.008236217,0.1200551157152139,0.0790586105757168,1181070.186466277,0.2139491607847691,46,91.1283232582094,31.93561280034241,2,84.41335133243673,85.80753371115968,63.63120003667669,Moderate,50.75,Moderate
MSME_0114,Textiles,25,Partnership,Medium,Semi-Urban,34215333.77126665,0.0135034216934694,0.1407875782434238,13125635.178767432,0.383618504688973,75,83.63739919813105,11.11370679284458,4,76.98109700785447,54.35194812938293,90.78743217521404,Moderate,41.5,Moderate
MSME_0115,Textiles,24,Sole Proprietorship,Small,Semi-Urban,47594465.439229526,0.1605641370512159,0.2084134376681617,21592780.128314614,0.4536825853393631,45,51.66246619495247,36.6588593310595,2,74.430900764424,95.29455523938802,88.49723501258396,Moderate,51.5,Moderate
MSME_0116,Manufacturing,5,Partnership,Medium,Semi-Urban,33543720.01492779,-0.0165626401578661,0.1634876446756117,9415959.412434964,0.2807070714948916,88,49.24078142596749,44.21242469665093,2,63.64459828165911,76.76790509213305,58.922298261388605,Low,9.25,Low
MSME_0117,Retail,15,Private Limited,Medium,Semi-Urban,11981381.257740784,0.0868170985669301,0.1567295570928198,3578919.378654884,0.2987067435436678,21,55.099713970006896,0.0,5,87.03364980349504,72.13584833897636,72.28954572886144,High,87.25,High
MSME_0118,Manufacturing,17,Private Limited,Medium,Rural,5653427.644516233,0.2035185859950594,0.1530289909114741,1185321.760998905,0.2096642666239223,55,44.71120372780368,53.65145247984709,3,76.0475165615593,68.34780396024003,67.1780237387852,High,89.75,High
MSME_0119,Textiles,13,Sole Proprietorship,Small,Urban,3961614.482616989,0.1740588783398581,0.0823639103950425,1335558.476902987,0.3371247966613691,86,69.31267826032344,19.460025186922536,3,67.61299451276271,52.61694378932542,68.92382117429345,Moderate,54.25,Moderate
MSME_0120,Manufacturing,3,Partnership,Medium,Rural,17011692.698873922,0.153166252350836,0.0404165006447867,8244994.061527278,0.4846662943819253,50,81.51608009674663,10.228676290435052,2,44.83382248233598,72.51854681290925,87.8081664447623,Low,20.25,Low
MSME_0121,Manufacturing,16,Private Limited,Small,Urban,6431535.599873494,0.2909576200198054,0.0246060618629396,2539633.9042500844,0.3948720900028973,127,53.401119383512665,40.29350661678224,4,84.94342752011039,54.45622160580084,87.7635210248404,High,93.25,High
MSME_0122,Manufacturing,21,Partnership,Small,Urban,2289938.8359757247,0.056094924580865,0.0805158910794938,558870.0218846963,0.2440545629886076,104,59.0476972723952,14.343319931835936,1,72.22097242632094,69.84907585371417,72.36012702524178,Low,7.0,Low
MSME_0123,Textiles,18,Private Limited,Small,Semi-Urban,39420659.85947618,0.1511055838112183,0.1503123332994262,10108131.48715803,0.2564171052232697,31,91.1827368054154,6.9819838731285655,2,85.11800211090544,83.71519032045242,76.6240596279713,Moderate,52.25,Moderate
MSME_0124,Food Processing,16,Private Limited,Small,Urban,16465134.90339755,-0.0419871612583579,0.0553719644236471,3119250.2224712432,0.1894457737985245,39,71.51727859119671,0.0,2,92.89922254537444,56.62623363709242,93.10072411363112,Low,6.0,Low
MSME_0125,Textiles,14,Sole Proprietorship,Small,Rural,41551954.05449355,0.0611360067568579,0.2391434313482976,17870677.154803153,0.4300803069662272,136,46.69690511189011,28.694041382884336,4,65.4066515661929,98.15575557945868,77.47647679475085,Moderate,47.25,Moderate
MSME_0126,Textiles,13,Private Limited,Small,Rural,14248754.875588426,0.2480070231429428,0.0200764764077125,1525687.1929449942,0.1070751238453028,149,75.76106008189844,9.121491187718886,3,82.5776436271553,59.58912277959303,60.58776753327392,High,88.5,High
MSME_0127,Food Processing,18,Sole Proprietorship,Medium,Semi-Urban,49192106.80053897,0.0337130364755739,0.0527173547980551,7307683.041671927,0.1485539757689715,134,49.77715133181865,0.0,4,84.72206697148744,81.6594813006732,61.44473024233068,Moderate,49.75,Moderate
MSME_0128,Retail,7,Sole Proprietorship,Small,Semi-Urban,36353714.74899473,0.2272327718161901,0.1131036386895959,13146605.430569662,0.3616303181487993,26,68.9027542082752,0.0,5,75.48315041342524,98.19111377411755,62.42901288574711,High,94.25,High
MSME_0129,Food Processing,21,Partnership,Small,Semi-Urban,29316337.374108627,0.1883411895333855,0.0636298150801757,10189751.35473457,0.3475792772030886,32,40.66664260541413,0.0,2,85.17195224042945,59.9428138887648,53.23083399220431,High,87.75,High
MSME_0130,Textiles,17,Private Limited,Micro,Semi-Urban,22991678.060718063,0.2455249789588656,0.0425589935803762,6789361.02143327,0.2952964548087112,5,87.55632156772297,14.608678104292034,2,79.04072517475066,68.79441425728847,69.72381392850177,High,88.75,High
MSME_0131,IT Services,21,Partnership,Micro,Urban,47789066.98194445,0.2254161851893533,0.0925435860220429,17933032.922902614,0.3752538824346169,49,54.00688421253281,0.0,2,97.21275539351296,62.65292164003922,89.05852118934595,High,88.25,High
MSME_0132,Textiles,11,Private Limited,Small,Semi-Urban,22781159.4047781,0.0294376430278774,0.2245599107096342,6384371.232832612,0.2802478626919031,88,80.55885727968172,30.73331524876047,5,61.91323281576422,51.901092411872746,87.31036287409194,Moderate,47.0,Moderate
MSME_0133,Manufacturing,13,Private Limited,Medium,Urban,47846819.21582427,0.2081279258106524,0.1012478239554747,10459995.661154348,0.2186142325150621,47,59.51627481412898,24.727855815766297,5,86.41210878805353,88.2186331110868,63.2523214162502,High,97.0,High
MSME_0134,Textiles,17,Private Limited,Micro,Urban,19406012.162818342,0.0219905417684442,0.0479188761766634,6714580.871503137,0.3460051872155466,15,43.808986845722295,57.58959108455574,2,72.88862013778514,56.26167852164136,73.7168054953107,Low,10.0,Low
MSME_0135,IT Services,22,Sole Proprietorship,Micro,Semi-Urban,26278023.02079353,0.1657749044132792,0.0560268405039759,3087516.615560414,0.1174942503519878,18,91.04460021793273,0.0,1,74.88668095350053,71.6038441472098,71.97024948472261,Low,21.0,Low
MSME_0136,Manufacturing,18,Partnership,Small,Urban,33961122.64152459,0.1236167435379602,0.0229244246969855,16877528.715096716,0.4969661601957881,141,84.87708164327395,51.68219978180616,1,70.33726481167272,77.20082895913758,81.80353818649125,Low,14.75,Low
MSME_0137,Retail,8,Partnership,Small,Semi-Urban,9439432.609677391,-0.0311496275506908,0.0936137614798262,3787807.700894545,0.4012749343653611,108,91.55634365734154,0.0,5,89.11788706922972,55.397185732323216,84.26490080579367,Moderate,46.5,Moderate
MSME_0138,Textiles,18,Private Limited,Medium,Semi-Urban,7958467.33163893,0.0698342726117412,0.1150857833379101,3209442.989960263,0.403274004430615,116,67.95983008039539,17.852907079129235,3,66.06277486350695,54.68784603227783,78.85863916437751,Low,7.5,Low
MSME_0139,Manufacturing,5,Private Limited,Small,Rural,961915.181441118,0.036337602582568,0.1870861944759911,477806.3378670436,0.4967239805397453,123,50.667462699727615,52.78898915651632,2,50.20178173144494,77.7542474651143,86.65356480148374,Low,7.5,Low
MSME_0140,Food Processing,2,Sole Proprietorship,Micro,Urban,27934212.449534822,-0.0481696352599805,0.1950278748064615,3187979.20126611,0.1141245419760956,18,40.60673878443562,0.0,1,87.90367400596901,68.39703756510423,66.34658081690395,Low,2.75,Low
MSME_0141,Food Processing,23,Partnership,Medium,Urban,6673345.817113829,0.0848815590665766,0.1679739913797104,2750485.6144429767,0.4121599104589099,56,76.46731024752708,0.0,5,61.16285521375815,58.34425589274355,59.06596399627526,Moderate,57.5,High
MSME_0142,Retail,20,Sole Proprietorship,Medium,Semi-Urban,24308158.049363125,0.1748139340668295,0.0349163267310827,8070150.833284809,0.3319935149712525,74,78.66188925382723,0.0,2,83.97475862651736,80.10728220262405,51.1466405634021,Moderate,57.5,Moderate
MSME_0143,Food Processing,17,Private Limited,Small,Semi-Urban,3398270.9975769706,0.0669834115436212,0.2005263047356375,1301783.738184983,0.3830723738963663,119,68.44979810428852,0.0,5,65.89810106825136,66.40963768046558,71.70096830869376,Moderate,51.5,Moderate
MSME_0144,IT Services,20,Sole Proprietorship,Medium,Semi-Urban,38446131.93659635,0.2067655405148093,0.0888720074131339,6512468.323099445,0.1693920297063829,23,67.28915112622707,0.0,3,87.43645084199454,99.55632159106518,87.36097938710188,High,89.5,High
MSME_0145,Manufacturing,16,Sole Proprietorship,Micro,Urban,48992512.39417723,0.007852938839561,0.1810579506722398,16379375.574282994,0.3343240583887608,46,78.37188451360413,55.77701537254105,3,97.62716980461364,62.964837943288686,71.48284063694675,Low,37.25,Low
MSME_0146,Food Processing,5,Sole Proprietorship,Micro,Urban,22041429.76314016,0.2780736529755525,0.1823843717627256,7768904.360878237,0.3524682583826826,40,89.71523316432061,0.0,3,61.842535130758975,86.47541143261984,88.27564494955548,High,87.25,High
MSME_0147,Textiles,12,Sole Proprietorship,Medium,Urban,47852423.74363117,-0.0258646942752525,0.0331225858647884,10186576.563641002,0.21287482987728,33,53.72504099172284,16.31698356771786,2,93.79157745144086,63.40695100477567,57.8190902201724,Low,30.75,Low
MSME_0148,Textiles,24,Private Limited,Small,Rural,28318645.949606936,0.0710721566255929,0.0924935898523925,11575050.863443092,0.4087430904726485,89,89.49083401279998,1.30940380652937,3,98.535777368542,78.0084091730921,96.8411231016546,Moderate,40.5,Moderate
MSME_0149,IT Services,12,Partnership,Micro,Urban,49074205.979613714,0.0397855218554867,0.1704601583390371,8796014.211611517,0.179239053103896,25,58.60447079327916,0.0,3,98.88021318526148,80.42636363482333,67.47531860434094,Moderate,47.25,Moderate
MSME_0150,Manufacturing,1,Partnership,Micro,Semi-Urban,12922849.736344753,0.2477156202443982,0.1490812413049807,3997765.8140582633,0.3093563645497466,35,62.21878319796015,32.55274820372537,1,67.1769108671323,54.08626728733891,72.91503207643282,Moderate,51.25,Moderate
MSME_0151,Manufacturing,10,Sole Proprietorship,Micro,Rural,33377301.76801816,0.0256316586148576,0.0424393773550389,14846049.041557988,0.444794763361709,40,69.9987528173798,3.736386352913137,4,74.2389349517941,98.90309089867642,89.6994858184003,Moderate,52.25,Moderate
MSME_0152,Manufacturing,7,Sole Proprietorship,Small,Semi-Urban,38042038.384521,0.2139376881106574,0.0241275060707531,5725384.338927132,0.1505015131170454,98,88.3770020223341,52.23470550276041,3,97.86551816798428,78.00911291874559,87.53647534996736,High,69.25,High
MSME_0153,Manufacturing,2,Sole Proprietorship,Small,Semi-Urban,45506400.19014723,0.13854562928345,0.1344968768478867,6470531.378919502,0.1421894799826522,42,85.2156738330124,22.82520045045374,3,62.05360791253919,59.78046365222575,59.33616478865207,Moderate,43.5,Moderate
MSME_0154,Textiles,9,Sole Proprietorship,Micro,Semi-Urban,32312395.55478497,0.0185442844054215,0.2263003239974129,9954680.335940417,0.3080762093006218,21,70.68011055610607,9.962058804971727,3,74.52402946536041,94.85931704823096,58.44271033388431,Low,8.25,Low
MSME_0155,Manufacturing,1,Private Limited,Micro,Semi-Urban,16001518.743455475,0.2295076453339629,0.2425838517337794,7084665.613899184,0.4427495744300377,10,84.19819444928444,30.312406414598293,1,60.88804896375498,99.20551595182488,83.39599994018135,Moderate,53.0,Moderate
MSME_0156,Retail,2,Partnership,Small,Semi-Urban,32978633.892018743,-0.0045607428668988,0.1779780294652566,4525070.7307065325,0.1372121945840109,44,85.26271454218173,0.0,2,43.97032923215148,86.57482451701811,59.37059720487911,Low,4.25,Low
MSME_0157,Retail,9,Partnership,Small,Rural,35657018.53185392,0.0600225396143119,0.1283686167545473,15284550.688432297,0.4286547590841887,127,57.27334372460026,0.0,2,92.77020419485844,93.99109569758475,76.27174562728464,Low,9.25,Low
MSME_0158,Retail,24,Partnership,Small,Urban,12373768.581419265,-0.0003098035836521,0.1000265246638983,3466392.3754984085,0.2801403915621651,77,73.75775803486346,0.0,1,93.6579021233904,73.56435836990823,98.95524690075771,Low,8.0,Low
MSME_0159,Food Processing,1,Sole Proprietorship,Small,Rural,16088519.636341898,-0.0486640030564785,0.1767839809523726,2684414.623000615,0.1668528045884885,143,94.54584394423114,0.0,3,74.70752867549155,75.63273765725265,65.26553383483656,Low,11.0,Low
MSME_0160,Retail,3,Sole Proprietorship,Micro,Urban,32831558.13129851,0.2784066864569689,0.2203770309205019,13343595.910393449,0.406425910614121,36,43.25016395430393,0.0,2,72.53842737793737,93.71133620691758,50.0094199778291,High,90.25,High
MSME_0161,Food Processing,2,Partnership,Small,Rural,43295898.67137216,0.1413268770657259,0.1074921262631942,21246169.085281435,0.4907201314042637,97,66.34885347068432,0.0,1,42.10123375857027,86.99520603834651,95.90382760995752,Low,11.75,Low
MSME_0162,Manufacturing,19,Partnership,Medium,Semi-Urban,37821114.22804081,0.2317173718945035,0.0241415077881045,18347935.62073908,0.4851241428296103,82,70.75516437561296,37.694286627796885,1,71.2608479365972,93.6376919783064,55.62901952059685,Moderate,48.0,Moderate
MSME_0163,Retail,4,Sole Proprietorship,Small,Urban,1113999.795727082,0.114068787912577,0.0892910099748,378028.0256844978,0.3393429937191035,97,80.87562593023819,0.0,4,43.22456356245838,93.86197285811002,93.86308814130898,Moderate,49.25,Moderate
MSME_0164,Retail,14,Partnership,Micro,Semi-Urban,31495720.49386034,0.1359607821988206,0.2127750022169426,6743741.951986387,0.2141161353429266,13,72.05437592959193,0.0,2,82.93397382540871,82.94125350700352,62.61536249197033,Moderate,52.75,Moderate
MSME_0165,Retail,3,Sole Proprietorship,Micro,Urban,26499367.997247927,-0.0385740128590159,0.2197668464536664,3335601.518067298,0.1258747574060526,33,71.44747936265773,0.0,5,74.72252280653544,54.11035318558909,95.53382897175698,Moderate,47.25,Moderate
MSME_0166,Manufacturing,19,Partnership,Micro,Rural,30550934.146578323,0.170957643582196,0.1560903473304548,11641540.66693682,0.3810535092342065,5,77.20344992861158,7.901606308322311,4,75.3804531057925,74.38335343106323,82.61121297727362,High,95.0,High
MSME_0167,IT Services,24,Partnership,Medium,Semi-Urban,49200095.48634417,0.0441356310392648,0.1136035392158807,22464370.305772077,0.4565920062494028,80,65.98713452535824,0.0,2,96.29520658851388,61.94283302009639,73.48208873403544,Low,13.75,Low
MSME_0168,Manufacturing,13,Sole Proprietorship,Medium,Rural,30733613.51825053,0.048239125430591,0.0676082930408381,9423818.758531272,0.3066290513783916,68,40.42152179570739,13.144128546111467,3,93.75698450446896,64.24540107654803,73.14259775079253,Moderate,45.0,Moderate
MSME_0169,Retail,17,Partnership,Small,Semi-Urban,2697194.7224572944,0.047237725473607,0.2078369003536651,576727.4476558043,0.213824920705159,36,46.26111164121308,0.0,3,95.1945070944464,78.73897771322076,51.48341115323699,Moderate,46.25,Moderate
MSME_0170,Food Processing,14,Private Limited,Medium,Urban,46506621.37641914,0.0078213787682475,0.1096706411765551,18227996.95415892,0.3919441235393913,91,89.91860514061052,0.0,5,70.32693016764676,83.73039264581081,64.8363820552045,Moderate,49.75,Moderate
MSME_0171,IT Services,7,Partnership,Micro,Urban,32001867.82407865,-0.0321026164952647,0.079249660676756,3962147.419526776,0.1238098801391086,48,87.93787500085269,0.0,2,64.57950552263621,69.19194415224898,72.8118254477771,Low,21.75,Low
MSME_0172,IT Services,5,Private Limited,Medium,Urban,4014879.394396146,-0.0219369950713337,0.1015973971222763,1913854.001340362,0.47669028464757,48,77.32684761699107,0.0,2,84.4019532180059,79.93462011595487,75.10768049809934,Low,3.0,Low
MSME_0173,Food Processing,22,Sole Proprietorship,Micro,Semi-Urban,43748080.37658408,0.2033905694131328,0.0477284357728487,20167047.966960464,0.4609813229143367,39,85.595975290002,0.0,2,60.46826442923616,71.10171300638194,64.75203538270782,Moderate,54.75,Moderate
MSME_0174,Manufacturing,23,Sole Proprietorship,Medium,Rural,45551664.52071565,0.2328079204672935,0.069691813952688,13057070.960584322,0.2866431138788863,57,86.50823996444487,41.54956960015352,2,76.15591456680495,53.88073223657205,77.12671842661257,High,89.25,High
MSME_0175,IT Services,12,Partnership,Medium,Semi-Urban,42949335.71423355,0.2708223325444225,0.1191266007180581,9772980.782704998,0.2275467273284555,67,40.67703366588416,0.0,3,84.04296667200931,85.27929313219123,84.42025092460685,High,96.25,High
MSME_0176,IT Services,24,Sole Proprietorship,Medium,Urban,44559803.24159851,0.07105711125825,0.0555257418613644,4909559.19389573,0.1101791039623003,145,72.7793863200915,0.0,1,87.08482558940037,80.28896247263452,68.229686409877,Low,8.5,Low
MSME_0177,Textiles,24,Partnership,Micro,Semi-Urban,34569574.67112173,-0.0008064613475737,0.1316856309216615,3837730.544602273,0.1110146879477862,4,93.02095739147364,23.05240277914801,3,68.3545628282296,96.2818665012668,70.70751121641135,Low,31.25,Low
MSME_0178,Food Processing,18,Partnership,Medium,Urban,23196888.93965359,0.051235670190429,0.2270191320937905,3397313.918500736,0.1464555840802102,143,57.2681694557544,0.0,4,99.79431892237288,77.26905606091512,54.410085189493536,High,81.0,High
MSME_0179,Food Processing,15,Partnership,Micro,Urban,48551736.60702378,0.2207386120370973,0.2454250682551663,14135905.076122068,0.291151379208897,14,69.79376468255022,0.0,5,93.34599847750344,72.0220675156212,65.11666246757468,High,95.75,High
MSME_0180,Retail,19,Partnership,Micro,Urban,17451174.95231831,0.0445866922457741,0.2422759987492737,5638187.214968476,0.3230835305000176,2,71.92571805465329,0.0,5,77.76174996808811,81.31171607105318,74.44489158962257,Moderate,49.75,Moderate
MSME_0181,Food Processing,17,Private Limited,Small,Rural,28684179.378523,0.1672311679386044,0.0663017847991596,7402098.700659692,0.2580550973057274,47,86.89067800458545,0.0,5,81.72098335830653,61.38748680516048,98.20144235827568,High,84.75,High
MSME_0182,Retail,2,Private Limited,Small,Urban,23194088.01617826,-0.0367064528485512,0.1915478088842127,7415822.376234822,0.3197289917612696,24,83.6815864402173,0.0,4,63.339103861559394,51.72306297125,98.48038634240476,Low,19.0,Low
MSME_0183,Food Processing,19,Partnership,Small,Semi-Urban,15471150.175324306,0.1219963621349948,0.1401621534432568,5029433.897927032,0.3250846796089357,101,64.39007100100473,0.0,4,92.26357369305109,73.82416918891464,99.80614748197206,High,88.0,High
MSME_0184,Textiles,13,Sole Proprietorship,Micro,Urban,15272528.161912896,0.0341338360448193,0.0917367884009845,3091450.275733146,0.2024190260419817,6,68.07378689523277,37.59555066559261,2,79.07373873271268,84.38610212152804,86.13534788491143,Low,6.5,Low
MSME_0185,IT Services,10,Partnership,Micro,Rural,17003662.44687597,0.2065679164509977,0.1415729652361053,7096607.847335604,0.4173576057221391,36,94.8801470625088,0.0,2,93.13877197796468,64.73096981730966,50.715763883353,High,90.5,High
MSME_0186,Manufacturing,4,Sole Proprietorship,Micro,Urban,3916962.2739485567,-0.0480169649146514,0.2355309365455228,1679478.4773669173,0.4287706543759718,10,82.13637630375723,50.75528638066393,2,45.22020648740407,69.95500940368615,86.15747432323147,Low,8.25,Low
MSME_0187,Textiles,6,Private Limited,Medium,Semi-Urban,31788446.560558997,0.1519642325616688,0.1804839434968888,3256265.3952730284,0.1024354992959356,102,68.74171296352098,17.973940677232434,1,80.0249707228167,89.72577722453744,85.35432386333491,Low,14.75,Low
MSME_0188,Textiles,2,Partnership,Small,Urban,33509293.840206254,0.0238893649081476,0.2185821763771104,8729921.978189932,0.2605224096878848,139,62.28064819901616,54.36666012794982,5,69.16287462280579,92.1115373171974,77.44902247208209,Moderate,48.0,Moderate
MSME_0189,Retail,13,Sole Proprietorship,Medium,Urban,21098010.68951907,0.2158640000449287,0.063203856083688,8184268.179792562,0.3879165813418744,51,64.7142358121803,0.0,2,92.85727966570371,77.73286740175479,81.85454185404525,High,93.25,High
MSME_0190,IT Services,14,Partnership,Small,Urban,40295946.12384976,0.1433753385927612,0.1396390752314727,6332523.428595446,0.1571503845357647,27,54.92751592456929,0.0,2,65.35313451998772,81.47788484458682,52.71660174114519,Moderate,52.5,Moderate
MSME_0191,Textiles,17,Private Limited,Micro,Semi-Urban,9857456.47401282,0.2240558230608564,0.1844589053356572,3325849.6779939085,0.3373943051903739,18,43.44792918920263,50.36030954136014,1,73.61482985223051,97.02242528680864,54.13577307621768,Moderate,52.25,Moderate
MSME_0192,Textiles,11,Sole Proprietorship,Micro,Semi-Urban,13884467.676034017,0.2449491657561942,0.0920700210445829,5770009.728782438,0.4155729887104029,16,91.86410992488234,25.343071331058358,4,87.00560244598672,55.80113406740846,52.11458746113406,High,91.75,High
MSME_0193,Retail,1,Private Limited,Micro,Semi-Urban,715981.8476902999,0.0084335810615195,0.1840005916458933,262446.1286440656,0.3665541654312826,34,55.31416745377391,0.0,3,87.53863538656691,85.12702507674035,64.90261043197216,Low,6.25,Low
MSME_0194,Retail,20,Private Limited,Medium,Urban,2885207.613468163,0.0760176630653424,0.2400639575613858,866025.239503322,0.3001604582840805,60,66.17822520564107,0.0,2,85.37696581146335,88.53903091319398,50.14406258328073,Low,11.25,Low
MSME_0195,Manufacturing,13,Partnership,Micro,Urban,21081976.284028783,0.2018788358136856,0.1053671714007206,9442728.293813026,0.4479052706726844,23,51.865737354704976,40.66879201860265,5,61.43754699686213,69.7367176922414,96.5403648658245,High,95.75,High
MSME_0196,Textiles,18,Private Limited,Small,Urban,34268597.09101722,0.1138539494553606,0.1532103087361861,4596670.859177825,0.1341365345937299,32,43.19505736441924,6.690732739276584,2,81.7522291146495,54.99334105680891,84.40222219180069,Moderate,47.25,Moderate
MSME_0197,Retail,5,Partnership,Small,Rural,35614456.87082585,0.2820960845408956,0.0272270189475927,14049197.001726652,0.3944801700243048,121,69.20157231266516,0.0,4,40.49619105639178,73.2047579726752,98.1749620443794,High,90.5,High
MSME_0198,Textiles,6,Sole Proprietorship,Medium,Semi-Urban,11380364.766747909,-0.0039686065792677,0.2171397987669449,3757138.220483608,0.3301421613006224,52,80.64646067833772,13.395803130311778,1,74.86957179625321,50.06768128577341,64.9900263782618,Low,5.5,Low
MSME_0199,Textiles,13,Private Limited,Medium,Semi-Urban,1667950.7499536918,0.2644962116361937,0.2001356350586839,687446.6512178379,0.4121504494283922,64,61.89029111249766,18.17494372999156,3,88.40541727192263,96.86892190821604,80.16459028574715,High,86.25,High
MSME_0200,Retail,15,Private Limited,Small,Rural,49515340.23258726,0.033705572223785,0.1420695917159722,17844483.593366604,0.3603829340472291,94,92.95225926392634,0.0,4,91.07712041308902,60.24906047634082,86.28136001372079,Moderate,51.5,Moderate
MSME_0201,IT Services,25,Partnership,Micro,Rural,16099778.437061386,0.0466830637413035,0.245780264486063,5005518.879831226,0.3109060723661026,5,61.34911383698476,0.0,4,85.71275659200697,90.4930093680293,97.36976247932232,Moderate,49.5,Moderate
MSME_0202,Textiles,25,Private Limited,Medium,Urban,34654986.9967927,0.1915337953832451,0.2340395651147035,10359241.241810832,0.298924978467589,124,64.62203839757301,8.056491054136533,2,72.07666800310007,88.05441530119379,67.71338824205233,Moderate,58.0,High
MSME_0203,IT Services,21,Partnership,Micro,Rural,14097838.844870651,0.2324379218093977,0.125722920192612,4492006.470351574,0.318630856812918,14,65.2228868932612,0.0,3,66.62999119280624,72.27708193709455,60.4592732703964,High,72.25,High
MSME_0204,Food Processing,12,Sole Proprietorship,Micro,Semi-Urban,39760572.2628386,0.2488247225966334,0.0756547399729204,19254088.53729373,0.4842507902052799,17,75.0096255714345,0.0,4,99.79277175863804,85.58614028730244,99.0571865895911,High,94.75,High
MSME_0205,Manufacturing,12,Private Limited,Micro,Urban,46009676.526347294,0.0116334149657081,0.0692101188982945,4840762.131747348,0.1052118271028335,7,50.45592073810502,47.555706977303,3,74.20164225807832,84.91555786137863,69.76029631549851,Low,26.0,Low
MSME_0206,IT Services,2,Private Limited,Micro,Rural,24106555.27016452,0.2014159113802013,0.0768882726383891,8587865.658667587,0.3562460734195549,40,82.97418623379235,0.0,4,68.25426562263782,88.58134554893039,74.9447832267971,High,92.25,High
MSME_0207,Manufacturing,5,Partnership,Micro,Rural,40335279.53848989,-0.0338801430335152,0.2058582349418408,6903594.83788696,0.1711552496196093,9,84.45514917557657,15.229264689401692,3,41.45848818226322,74.04450733015045,83.1217005850534,Low,9.0,Low
MSME_0208,IT Services,4,Sole Proprietorship,Small,Semi-Urban,46016785.72047446,0.2976392553980374,0.0303295987689916,18609333.990875717,0.4044031693981567,86,61.5852002426214,0.0,5,41.63089741707832,52.88514642079494,72.21826746207572,High,74.75,High
MSME_0209,IT Services,14,Sole Proprietorship,Small,Urban,12924568.471483862,0.1474259100917312,0.1024730461507208,4687126.156204951,0.3626524294831504,133,89.6230021904231,0.0,2,96.72956346701748,55.09018414747685,75.29789538674657,Moderate,51.25,Moderate
MSME_0210,Food Processing,9,Sole Proprietorship,Micro,Rural,47837844.622682616,0.0018622748804809,0.1762964832407989,9087089.761948671,0.189956086726365,5,71.98922611440565,0.0,3,82.53298568132186,71.37509156640559,66.31692154659936,Low,11.75,Low
MSME_0211,Food Processing,19,Sole Proprietorship,Medium,Semi-Urban,45235999.802869536,0.2460473426609886,0.1122166053688007,18331587.894461703,0.4052433454405232,42,66.19846533156044,0.0,2,68.18720436229135,79.55651516292582,59.306794887667394,High,73.25,High
MSME_0212,Food Processing,16,Private Limited,Small,Rural,4022335.116084924,-0.0258473425855143,0.2363804397157148,1217835.063078507,0.3027681751847338,130,84.59832195543552,0.0,5,89.06996896672787,88.69531108853326,67.6301302964429,Moderate,49.25,Moderate
MSME_0213,Textiles,3,Partnership,Micro,Urban,27185180.36043243,0.0488653492295012,0.1178024826506696,3127068.783576207,0.1150284361595629,42,40.000639911545136,24.99394970893753,5,76.1564136941277,60.02801255364915,60.178918877318026,Moderate,51.25,Moderate
MSME_0214,Retail,20,Private Limited,Medium,Rural,36602567.30735582,0.2883959249297498,0.0715875011555603,13367948.517110797,0.365218876721369,106,73.5297056411296,0.0,5,88.50485332394051,90.8389733252818,59.08069838783013,High,97.25,High
MSME_0215,Food Processing,15,Partnership,Medium,Rural,19963162.45088215,0.1567232418981232,0.1720332784768836,2622806.727630342,0.1313823265268495,50,81.46063353130702,0.0,3,70.76078587193243,75.8798150657761,63.442337122642165,Moderate,52.75,Moderate
MSME_0216,IT Services,22,Sole Proprietorship,Micro,Semi-Urban,35863996.12152649,0.2156518488826758,0.0435786717352891,10957949.416688884,0.305541785682707,26,49.46490761123927,0.0,1,97.31699450278688,91.37531599366106,84.86046909548185,High,67.25,High
MSME_0217,Food Processing,6,Sole Proprietorship,Medium,Semi-Urban,6693700.228516473,0.2476650651662931,0.0992589394229387,751991.447299041,0.1123431617232289,92,58.993807373468826,0.0,4,99.14101873556562,92.82686118739632,85.05849307951298,High,93.0,High
MSME_0218,Textiles,16,Private Limited,Micro,Semi-Urban,27690833.688265145,0.0591944071142464,0.1309750966541329,8381158.591776097,0.3026690595930983,33,80.39441626415753,23.06130231144809,3,91.28685052364985,56.21914156206621,89.87736802685997,Moderate,45.5,Moderate
MSME_0219,Manufacturing,14,Partnership,Micro,Semi-Urban,12131183.547299664,0.1967048535151835,0.2079394726635846,3864656.938789701,0.3185721264311389,41,42.84177969118786,30.287735898271688,3,79.29057445008769,55.92461793842003,98.07566694915424,High,91.0,High
MSME_0220,Food Processing,19,Private Limited,Medium,Rural,40535104.23589516,0.1870033443601857,0.1637567127995973,9186059.89457785,0.226619866107148,41,76.99866468148939,0.0,5,62.835663035651415,65.6431580427565,96.76485492726638,High,94.75,High
MSME_0221,IT Services,16,Private Limited,Medium,Semi-Urban,1101760.188130647,0.1859069716705774,0.0319222337975376,352060.2692501701,0.3195434660309424,145,61.48751610422666,0.0,5,74.11834013809427,81.0646224524805,66.70249828343846,High,89.25,High
MSME_0222,Manufacturing,14,Sole Proprietorship,Small,Semi-Urban,18114810.583330963,-0.0206281624624997,0.0966963965270824,6720891.414432091,0.3710163782014136,142,43.11221108806936,22.435262820768816,4,99.2819814806385,89.243091147944,86.6743373246052,Moderate,51.5,Moderate
MSME_0223,Food Processing,22,Sole Proprietorship,Micro,Rural,47092986.18797166,0.2701558902347762,0.0226405517423569,13188231.164499588,0.2800466105899244,11,49.865057510671576,0.0,2,64.53214018909857,70.18005011807956,86.89424924173031,High,92.75,High
MSME_0224,IT Services,20,Sole Proprietorship,Micro,Semi-Urban,26225361.01327697,-0.0240852237306782,0.159261013919313,8043737.189993848,0.3067159756512633,36,54.769356583718405,0.0,4,81.98425074123027,84.48894246240606,57.19709567861155,Low,39.5,Moderate
MSME_0225,Food Processing,15,Partnership,Medium,Urban,5057315.811082534,0.1596656055026335,0.1634392190067612,1817609.053248044,0.3594019280474753,72,40.83108763179613,0.0,3,74.93039257851035,78.18299855143812,72.53432374694566,Moderate,59.5,Moderate
MSME_0226,Manufacturing,4,Private Limited,Small,Urban,9117042.927915748,-0.0090268855015409,0.1232894913525177,3144497.8301763944,0.3449032603047378,78,80.5094375584136,52.97962948978638,3,78.61505075826715,81.26023847652212,68.6777400523841,Low,5.25,Low
MSME_0227,Retail,1,Sole Proprietorship,Micro,Semi-Urban,13028526.189390631,0.1075889861500116,0.240243633469278,3382389.453497572,0.2596141270569739,46,73.94869614667991,0.0,1,64.90201965284345,87.1412487453158,66.35223220759089,Low,10.75,Low
MSME_0228,Textiles,21,Private Limited,Micro,Semi-Urban,13306226.286694327,0.1020411616523134,0.1863929981055002,1378813.3177993167,0.1036216646321483,29,73.73104266880586,38.26129481375613,2,88.03470543445728,60.20123328692893,82.69970461699006,Moderate,45.25,Moderate
MSME_0229,Retail,23,Private Limited,Medium,Semi-Urban,18120566.10817552,-0.0444653813184632,0.0377433887641038,8416410.669728972,0.4644673140720317,80,63.36243417337791,0.0,2,83.8838308074688,79.74016073388948,68.61001959126096,Low,8.25,Low
MSME_0230,IT Services,18,Partnership,Medium,Semi-Urban,24928299.111643206,0.0491566668487257,0.2009569857721393,6455912.525785063,0.2589792627596367,121,80.85848215173664,0.0,3,80.85796096667521,53.42293596667891,68.5556469215064,Low,11.25,Low
MSME_0231,Manufacturing,6,Private Limited,Micro,Semi-Urban,13808248.96191858,0.0789571219708026,0.2259296005052289,5061899.969859666,0.3665852190107342,22,62.62367065745291,52.42337521093351,3,88.21843321133946,71.38006668516687,72.12727574073728,Moderate,40.25,Moderate
MSME_0232,Textiles,11,Sole Proprietorship,Medium,Rural,41324790.24867688,0.0523340886442675,0.1221014745364669,4494704.510978703,0.1087653315100035,23,72.4627962532991,24.457971478779346,3,79.6438291753266,96.35553144292138,55.26966090539026,Moderate,41.5,Moderate
MSME_0233,Food Processing,14,Partnership,Small,Urban,13381711.600268854,0.0058222918894753,0.056906401282382,1715492.3147222416,0.1281967782572578,111,76.53206617439326,0.0,3,92.56502742364648,84.25671549372422,55.521593170555136,Low,10.25,Low
MSME_0234,Retail,1,Private Limited,Small,Semi-Urban,13116671.321286676,0.2098857914941475,0.0376262354893072,5890097.934206289,0.4490543210187341,74,51.88330639346215,0.0,5,56.33712710150204,67.72124743965274,75.28170767109793,High,92.75,High
MSME_0235,Manufacturing,17,Sole Proprietorship,Micro,Urban,4343218.411444673,0.2401049466885355,0.1002447172596194,1340489.8812064482,0.3086397584045433,6,77.23174306482605,50.274502491108215,3,76.5806425926717,50.66255167519553,64.79714444293283,High,73.5,High
MSME_0236,Retail,23,Sole Proprietorship,Small,Semi-Urban,24724134.22404817,0.1003630072463271,0.1903440142457052,11006911.592085823,0.445188959594785,127,68.32133424522927,0.0,1,73.8091981467989,70.71004627859152,86.62069324063343,Low,7.75,Low
MSME_0237,Food Processing,14,Partnership,Small,Semi-Urban,5714601.481825992,0.0278264566618595,0.1394216512794471,1960685.9015434547,0.343101073238261,66,61.506807802006925,0.0,3,73.42695332156238,87.46952264005796,78.59561019253003,Low,7.5,Low
MSME_0238,Food Processing,9,Private Limited,Micro,Rural,43637686.85813842,0.1876424725633146,0.114728890296024,17517819.29159689,0.4014378522983012,30,67.50620136421449,0.0,3,81.86741020397156,78.77046936430742,51.10707377363147,High,88.75,High
MSME_0239,Retail,16,Sole Proprietorship,Micro,Urban,17191725.490504727,-5.3123149838518735e-06,0.1791769388156048,3137504.43821346,0.182500845534461,6,82.06405348526025,0.0,3,68.17265533595881,75.39025319793896,70.9635830583011,Low,14.0,Low
MSME_0240,Manufacturing,17,Private Limited,Micro,Semi-Urban,23975623.5383592,0.1462374032286325,0.164538085021355,9001711.43419294,0.3754526517231502,17,40.54883271621472,43.40661974129472,1,78.60220993202577,93.7085341078513,60.17182375680456,Low,15.75,Low
MSME_0241,Textiles,19,Partnership,Micro,Semi-Urban,22839058.59494812,0.014204768741202,0.2166440244991391,10346640.555156346,0.4530239507089389,4,40.73522257926676,24.584354186576345,1,92.14150637850412,95.08870142731143,60.17363712487979,Low,9.25,Low
MSME_0242,Textiles,15,Sole Proprietorship,Medium,Urban,49094513.45479651,0.1076675000147083,0.1380746883517305,24335517.07804059,0.4956871015831,39,94.84502946466228,33.54355709679613,5,77.85547561052779,53.500175606653286,86.46173714568215,High,87.5,High
MSME_0243,Food Processing,23,Partnership,Medium,Semi-Urban,33008109.493719596,0.1980679793302039,0.0219236468316771,6174726.69279898,0.1870669598322144,81,86.32790276124638,0.0,1,60.21253902673384,90.22473212159112,88.64047866451688,Low,16.25,Low
MSME_0244,Manufacturing,4,Sole Proprietorship,Small,Rural,39207018.86931898,0.2131114473385441,0.2046904765503025,12044522.700526124,0.3072032265618499,118,76.91366103588288,37.22842710311824,5,59.33100863169171,83.12419734708041,67.34813298672792,High,88.0,High
MSME_0245,Retail,17,Private Limited,Medium,Semi-Urban,21941574.010100737,0.2210059390306082,0.2160945396358188,6947987.390053678,0.3166585672867039,81,48.606219380198034,0.0,2,76.59884861600312,85.63888381084155,69.31059964085154,High,87.75,High
MSME_0246,Food Processing,25,Sole Proprietorship,Medium,Rural,21530116.721970305,0.2677434798592369,0.1366237187499052,3771390.765553436,0.1751681523261292,100,72.15674495912036,0.0,2,75.31195057745552,91.09154732926795,82.97553843203852,High,89.25,High
MSME_0247,Manufacturing,6,Sole Proprietorship,Medium,Semi-Urban,46983889.73278944,0.172730998536681,0.0946377140403286,9763475.221126491,0.207804744916909,141,55.31516505054651,39.28254452137794,2,86.47875779175475,90.74698642702695,88.90126215723265,Moderate,52.5,Moderate
MSME_0248,Textiles,5,Sole Proprietorship,Micro,Urban,13349034.239114936,-0.0382132586439376,0.2222127276982869,2634547.6870999634,0.1973586732874122,6,74.65219331639902,51.48722365506621,1,84.89595934788329,94.4059094467018,66.26453091808739,Low,12.0,Low
MSME_0249,Retail,7,Sole Proprietorship,Small,Rural,42321131.71388383,0.0371530576381814,0.1526415517372839,5370651.728808629,0.1269023655869471,46,94.93909366183098,0.0,3,97.34284333830593,90.06739959369042,83.71294210032495,Moderate,48.0,Moderate
MSME_0250,Food Processing,13,Private Limited,Medium,Semi-Urban,2497365.929555136,0.093917031298105,0.0499185540606578,272138.8535688321,0.108970355664822,67,57.1708002519682,0.0,2,88.24634008476217,65.44779950340764,56.632228880047656,Moderate,37.25,Low
MSME_0251,Food Processing,3,Private Limited,Micro,Urban,20415580.28424797,0.0867077626536237,0.0359455159891859,7254245.601901206,0.3553288959167306,20,64.32615929981245,0.0,2,46.92177466646972,78.94200840177963,78.4742242086127,Low,25.5,Low
MSME_0252,Food Processing,14,Partnership,Medium,Urban,31837096.34822589,0.1142498295640266,0.1219036533359968,9476600.434962455,0.2976590682551531,132,65.36417956896506,0.0,1,80.16015054385304,97.46003465904457,91.6415950934538,Low,14.000000000000002,Low
MSME_0253,Food Processing,23,Partnership,Small,Semi-Urban,46289835.17947922,0.171075230279012,0.0325098721601315,16557998.538374867,0.3577026894603247,108,75.67514262228485,0.0,2,82.18750839120345,87.38971748796862,90.51292933497658,Moderate,53.0,Moderate
MSME_0254,Manufacturing,15,Partnership,Small,Rural,33554149.28435607,0.2430784779195527,0.0590375385726923,3612370.831953666,0.1076579471987346,131,41.37314221660314,10.286050602632564,4,78.19489771211472,84.2850271466822,95.51065174338784,High,85.0,High
MSME_0255,Textiles,24,Partnership,Small,Urban,8107706.620788124,0.1504125315087078,0.0837128805949751,3798647.068699203,0.4685230048851901,45,80.73105977927304,5.694506476040773,3,62.0795740791083,51.58718826864943,71.16675720765987,Moderate,49.0,Moderate
MSME_0256,Manufacturing,20,Private Limited,Small,Rural,30040432.78810364,0.1255514949712819,0.2445230042472592,11216542.184404688,0.3733815109630035,107,88.65208111066534,7.513233571009885,3,61.20104021317572,94.8682932895466,81.1315266799329,Moderate,46.5,Moderate
MSME_0257,Manufacturing,8,Private Limited,Medium,Urban,3588506.3956147227,0.0673476675274035,0.0354138036827782,1758860.668524892,0.4901372533916283,36,86.89010816852837,56.27791388603365,3,82.07508545684743,89.47047109567927,70.81090294226746,Moderate,44.0,Moderate
MSME_0258,IT Services,2,Private Limited,Small,Rural,47147980.9731127,-0.0238125781817594,0.1208450445076329,14707930.743635587,0.3119525044354104,56,81.76108788051604,0.0,4,53.918424083132834,89.91465986045932,66.31269590205734,Low,11.25,Low
MSME_0259,Retail,24,Partnership,Medium,Urban,18007985.98574633,0.0558676602087742,0.2443358537436768,3026173.018920605,0.1680461669237126,23,48.08070579710739,0.0,2,93.17256936503036,85.33377668388499,80.86094029389504,Low,11.75,Low
MSME_0260,Retail,6,Partnership,Small,Semi-Urban,655474.8493820447,0.0109851905758828,0.2213432937780219,181368.9709667136,0.2766985966550828,76,79.33525501291327,0.0,5,76.7442909967332,72.9215712065719,86.25030381495594,Moderate,46.25,Moderate
MSME_0261,IT Services,19,Sole Proprietorship,Medium,Rural,16036837.08776229,0.138307946877366,0.2132248580410159,7950750.346211734,0.4957804523860226,59,60.430699444340725,0.0,3,80.91040566247479,73.54336781115884,82.8027510987852,Moderate,51.75,Moderate
MSME_0262,Textiles,12,Partnership,Medium,Semi-Urban,6292080.380468337,0.2299012697665518,0.0483434924147547,2387292.374860711,0.3794122500836548,108,68.26179040171289,54.19788086254263,5,98.05779302652368,58.77458136906787,78.38636589655273,High,93.0,High
MSME_0263,Manufacturing,14,Private Limited,Small,Semi-Urban,46649976.53232944,0.2095609168081249,0.0842656533604965,7121652.384273927,0.1526614355173033,139,50.1898695460828,16.718583786902183,4,79.63060026849442,70.32783919040521,95.15953894172144,High,91.75,High
MSME_0264,Retail,6,Private Limited,Small,Urban,39389333.6246918,0.0384794554055205,0.2359458408094932,18024325.96132248,0.4575940820187843,95,70.62317010105033,0.0,5,91.8370554857401,58.75615700651766,83.63823072062334,High,83.0,High
MSME_0265,Manufacturing,21,Partnership,Medium,Semi-Urban,13530743.652641552,-0.0497713132335451,0.220253877848869,5642833.260442602,0.4170379252836539,39,60.70916582841141,13.92334438206936,4,78.33294378350303,67.56096936743904,54.68882631285082,Low,16.5,Low
MSME_0266,IT Services,8,Partnership,Medium,Urban,47260953.742469214,0.1634795455086181,0.232640167808337,19581397.409338184,0.4143250581873494,32,65.74379798288595,0.0,1,90.90065144317616,85.12441707942344,80.7626826641207,Moderate,49.75,Moderate
MSME_0267,IT Services,17,Partnership,Medium,Urban,38587720.25706133,0.0892529960560995,0.2103372020230308,6493670.653323243,0.168283345324992,113,51.24466048553502,0.0,1,80.42323029838239,80.75645702706,95.53028586072108,Low,25.0,Low
MSME_0268,IT Services,12,Private Limited,Micro,Semi-Urban,31502956.40698166,0.0474647551246433,0.216185858926036,14849025.68350673,0.471353402254523,48,48.83737715915149,0.0,3,90.14936281712018,60.77503794337756,66.80035294950544,Moderate,30.0,Low
MSME_0269,Textiles,1,Sole Proprietorship,Small,Urban,30611815.2503847,0.0483674125584111,0.059904091581655,7711134.909301821,0.251900609167727,61,61.5651467297515,45.04617895266334,3,72.57578416644462,60.539072467734414,77.82281029127282,Low,11.25,Low
MSME_0270,Retail,21,Private Limited,Small,Rural,3775176.847304802,-0.0432955800570614,0.2101774690237332,1169905.6168325446,0.3098942550645729,134,58.97960600322786,0.0,1,73.28822283789286,64.68879530871953,52.074958359153975,Low,6.75,Low
MSME_0271,Textiles,17,Partnership,Medium,Rural,15134899.809818022,0.1668655744307228,0.1579143407457819,4578793.382082205,0.3025321237417071,62,58.68736332643641,27.337149386235097,2,88.64199892968578,85.31230812776312,81.13447704748987,Moderate,53.75,Moderate
MSME_0272,Food Processing,3,Partnership,Medium,Urban,4904990.885389159,0.2970936256803581,0.1444306667533623,2422762.847608077,0.4939382975868376,133,91.07468091634668,0.0,4,48.244238828256925,61.99946819349788,85.50663202822687,High,71.0,High
MSME_0273,Retail,25,Private Limited,Small,Semi-Urban,12709601.482367622,0.1148360883521567,0.1722401355065126,5089824.96957747,0.4004708547816171,123,71.78401119817485,0.0,3,71.77066946548457,55.73984636256401,97.07664551422204,Moderate,34.5,Low
MSME_0274,Manufacturing,15,Private Limited,Micro,Urban,12848181.112515,0.2009921989652677,0.216910474773161,3118349.7201372767,0.242707484649309,13,90.00463952294722,18.83268459090164,1,77.60232186037595,86.48559532487111,97.01104027856424,Moderate,51.5,Moderate
MSME_0275,Retail,25,Sole Proprietorship,Small,Urban,36878829.44604726,0.1360092199662568,0.0862274288154782,10957726.70686789,0.2971278338131298,129,72.78450753810682,0.0,1,66.57622116315515,55.82915372778484,77.33478410360651,Low,14.75,Low
MSME_0276,Manufacturing,11,Private Limited,Medium,Semi-Urban,46611968.25831931,0.2373433560546993,0.1503192095482564,16911390.717206303,0.3628121992936429,59,61.97353315228141,19.607682351466643,1,63.30936158494683,62.696888596184806,88.99941634552721,Moderate,54.5,Moderate
MSME_0277,IT Services,13,Sole Proprietorship,Medium,Urban,6376100.227701018,0.2931988794712532,0.0693800541165717,809086.7711639892,0.1268936720362244,21,80.6376672423168,0.0,4,84.67776109538008,93.17328651707317,61.15310307713784,High,96.0,High
MSME_0278,IT Services,13,Private Limited,Medium,Urban,12689085.968044704,0.0982417705971637,0.2025212505439243,1430204.564782172,0.1127113937429297,50,42.90208918227815,0.0,4,80.94345940885812,60.91299363468647,99.47158828898158,High,86.0,High
MSME_0279,Manufacturing,1,Sole Proprietorship,Medium,Rural,18280832.975643173,0.2382432793141366,0.2087601169763592,5318628.457137274,0.2909401592489605,27,48.70671450580879,3.107153323969012,2,47.80179056699885,91.7295476297636,67.9167328335837,Moderate,62.25,Moderate
MSME_0280,Retail,6,Private Limited,Small,Rural,19359068.046585795,0.2329420086127918,0.2094334304722639,4914191.601196,0.2538444303915073,79,46.52540711578692,0.0,2,87.35465807341373,76.57860763433656,51.6329530392248,High,77.5,High
MSME_0281,Retail,20,Partnership,Small,Semi-Urban,32992275.37328252,0.2899028175789,0.1493034265448407,12731762.305486089,0.3859013105775783,32,52.319040022579465,0.0,4,64.65433940657984,80.63979177682552,96.92410791070772,High,96.75,High
MSME_0282,Textiles,3,Sole Proprietorship,Medium,Semi-Urban,11958264.747692918,0.188473554634472,0.236242133987979,1419617.483016062,0.1187143379887074,80,64.09971941664953,53.95562153548138,2,45.29371591065647,67.7448841743277,70.65862586038597,Moderate,48.5,Moderate
MSME_0283,IT Services,14,Sole Proprietorship,Medium,Semi-Urban,14756264.623240037,0.1447148025399777,0.0267056927850804,6830668.663155323,0.4628995777425623,109,49.251201067158505,0.0,5,88.40459065349117,54.78645273721987,65.88473487735811,High,92.75,High
MSME_0284,Food Processing,9,Private Limited,Micro,Rural,44365997.72040258,0.2770064399586215,0.2307767252423752,15712916.535258887,0.354165742744764,17,62.176584825110254,0.0,2,72.59303317406595,52.15262013578343,89.04819318222177,High,71.0,High
MSME_0285,Textiles,2,Private Limited,Small,Urban,33073721.701130427,-0.047179313830258,0.2369302092810955,6444672.198397049,0.1948577863910845,127,60.847226696066926,54.90364395103335,2,82.21061626430716,74.2010286254702,75.70477212756299,Low,7.5,Low
MSME_0286,Retail,10,Partnership,Medium,Semi-Urban,13963930.964545624,-0.0477673348076932,0.245021601023077,6790644.043304767,0.486298883927899,100,80.06039698868054,0.0,5,94.28766628238355,91.021341012951,72.02867640061537,Moderate,49.5,Moderate
MSME_0287,Manufacturing,20,Partnership,Medium,Semi-Urban,22992956.146757662,0.2230662439690482,0.2494532491178186,4057172.305853244,0.1764528353795587,33,77.84250563907709,7.22325472734534,1,67.92382066881159,53.28460582448296,94.35596586118491,Moderate,52.5,Moderate
MSME_0288,Retail,15,Private Limited,Small,Urban,8431167.24833706,0.0098277408472968,0.1161733012774439,3397028.502497525,0.4029131913102003,77,58.729965951394334,0.0,1,62.09565182379445,57.98124507160836,66.78116364889559,Low,5.0,Low
MSME_0289,IT Services,3,Private Limited,Medium,Urban,41829886.681872986,0.291141708616993,0.0511556934627788,8056021.452773198,0.1925900855061192,83,55.27454980429641,0.0,1,60.98136914034052,52.53112361345371,51.96959168464097,Moderate,52.25,Moderate
MSME_0290,Manufacturing,19,Partnership,Medium,Urban,36692288.5505184,0.2813646123107961,0.1997715602151717,8273472.799208263,0.2254826048208261,67,78.3743969154311,21.846766500629965,4,98.95201653428596,77.2099331251851,63.76195905185041,High,91.0,High
MSME_0291,Food Processing,15,Private Limited,Medium,Semi-Urban,19048737.540115133,0.1424539969716718,0.0316318138795726,5151702.40281991,0.2704484951808923,62,84.31068429498382,0.0,5,72.70218319478008,62.96942003715981,54.37956487029732,High,91.25,High
MSME_0292,IT Services,16,Partnership,Micro,Semi-Urban,43599078.54514325,-0.0207662798619934,0.0685589667883486,17482678.315781098,0.4009873350345977,46,87.88486348159198,0.0,5,77.6842813871888,66.72005894943743,69.72861576594619,Moderate,52.75,Moderate
MSME_0293,Textiles,19,Sole Proprietorship,Small,Urban,40368900.300349325,0.2160563254265556,0.0553969780795679,6446904.815584358,0.1596997878965895,89,59.06073178991012,24.462946239913517,2,62.26721728663342,51.73363521130332,69.59552814719545,Moderate,55.0,Moderate
MSME_0294,IT Services,13,Private Limited,Small,Rural,13361492.828044824,0.2601301380847307,0.2260086871813218,2925029.6219542585,0.2189148817125306,57,53.22923718490818,0.0,1,65.64430376085404,77.27910608960332,55.279577298832,Moderate,55.5,Moderate
MSME_0295,Retail,20,Private Limited,Small,Semi-Urban,18343488.00450692,0.1849447888301963,0.0822481066558061,2430362.7331253625,0.132491853922669,61,64.44905391775877,0.0,4,99.09119730265787,89.69090519540198,82.97114810409988,High,93.75,High
MSME_0296,Manufacturing,21,Sole Proprietorship,Medium,Semi-Urban,49266140.4769884,0.2188019023596233,0.11990314457248,13724402.221317014,0.2785767687186194,79,76.59508646303973,30.04265555020028,5,77.18491455587376,63.94690380367384,56.45872226215552,High,94.0,High
MSME_0297,Retail,4,Private Limited,Small,Semi-Urban,41009831.026587,-0.0359513993201217,0.2246800765634583,20373072.962229013,0.4967850988954573,84,75.86511840349078,0.0,5,78.26816819290204,62.65131704601266,93.27811915861017,Moderate,46.0,Moderate
MSME_0298,Textiles,19,Partnership,Medium,Rural,33855025.46436523,0.2464105285501334,0.0945957567908491,12546452.372936254,0.3705934998082417,132,91.91605559120518,45.94974235409459,2,83.01436692516394,71.4531184651333,63.79613471902734,High,90.5,High
MSME_0299,Manufacturing,10,Partnership,Micro,Urban,33226463.58222048,0.1782823735963542,0.0777484238429885,11967178.695423177,0.3601700995295457,46,73.3298331999064,50.96678437354413,3,64.53763268415668,99.84546092946778,59.172620057511466,Moderate,56.0,Moderate
MSME_0300,Manufacturing,2,Sole Proprietorship,Small,Urban,31325247.97349525,0.2323651473261941,0.2136636021465511,9180972.495062362,0.2930853892307737,85,63.45190962408924,32.88871216368132,3,71.67058701210635,90.27629567880284,69.89420877785115,High,89.25,High
MSME_0301,Textiles,5,Sole Proprietorship,Medium,Urban,3935007.252257078,-0.0185431018923437,0.1582097613015897,930170.5057529618,0.2363834285742233,147,87.46549753369749,9.041249220050029,4,89.57267839213961,86.34194155241187,89.2384840912494,Moderate,45.5,Moderate
MSME_0302,Retail,4,Sole Proprietorship,Micro,Urban,34141842.52855961,0.2810736254112302,0.0880395424242033,3429371.830825223,0.1004448376784749,17,51.98402587947092,0.0,4,56.29117303852424,56.38873263949952,72.11832665512094,High,70.5,High
MSME_0303,Textiles,16,Sole Proprietorship,Micro,Semi-Urban,28050632.21085659,0.0699558238997675,0.0509525414339447,3864467.1298971223,0.1377675590641923,42,65.3368406408419,29.93826701482596,5,64.13736459441934,70.10136084441203,86.44696000525786,Moderate,55.25,Moderate
MSME_0304,Food Processing,14,Private Limited,Medium,Urban,1174884.1833381627,0.0629543004543234,0.1475020366797649,187143.75909982432,0.1592869848397298,51,86.813290448429,0.0,3,92.94425683192758,94.9393944868674,77.65559855291858,Moderate,38.5,Moderate
MSME_0305,Manufacturing,22,Partnership,Micro,Urban,19741954.21988906,0.0341046932076283,0.0418420133025266,4461037.628417966,0.2259673778355583,24,44.45712357557812,49.78337197929746,3,81.27487066020066,93.68092643686076,99.7784450245344,Low,32.75,Low
MSME_0306,Food Processing,1,Private Limited,Small,Urban,15634325.89364091,0.090946302348096,0.1746766704149392,5829675.466063141,0.3728766757020395,48,78.20595750455965,0.0,1,71.61981282327542,56.41629310943823,78.92462541146651,Low,11.5,Low
MSME_0307,Textiles,20,Sole Proprietorship,Micro,Semi-Urban,43706541.3675004,0.1249856471876759,0.1879573135918013,15195413.645508168,0.3476690941463347,14,77.0535953448186,46.04992983544233,4,77.72134825350477,80.8552972214328,92.49796652516028,High,89.5,High
MSME_0308,Food Processing,8,Partnership,Small,Semi-Urban,24185307.970305864,0.1549473050776556,0.1445161168087108,3250816.4823071654,0.1344128628131773,58,93.6510165572712,0.0,3,85.51096567382366,91.00337510278248,52.07894799232969,High,81.0,High
MSME_0309,Food Processing,19,Partnership,Small,Rural,32821008.077823192,0.0038718284240167,0.2447172856053904,10434090.272732656,0.3179088907931156,71,80.16219447664871,0.0,3,96.3094173271005,99.82828281444912,85.0215899578252,Low,13.75,Low
MSME_0310,Textiles,11,Private Limited,Micro,Urban,1536238.8324232968,0.0605206029373235,0.0330827214888587,624651.49495948,0.4066109264886509,5,61.77654744077724,45.37522748534606,2,76.49118911326661,96.73649577441503,62.54395499453501,Low,10.75,Low
MSME_0311,IT Services,11,Private Limited,Micro,Rural,40880585.5294378,0.1133548328187826,0.0376462501761636,6803388.275665683,0.1664210085926145,36,76.19562199310707,0.0,1,64.25349189392908,55.7069984654816,97.05241300191884,Low,45.5,Moderate
MSME_0312,Retail,15,Partnership,Micro,Semi-Urban,509233.14444782416,0.1648928096956878,0.1617784807955301,144101.38074336038,0.2829772223479553,39,65.04607245143342,0.0,1,97.62015811517612,82.4382693079693,97.72829644294056,Moderate,53.5,Moderate
MSME_0313,Manufacturing,10,Partnership,Micro,Semi-Urban,26500291.72968837,-0.0110769384316234,0.2196789379250959,5802096.104513389,0.2189446125233889,45,61.5458347809253,9.759648906329108,1,84.79874259496657,84.90992153382498,60.74582656933596,Low,5.75,Low
MSME_0314,IT Services,9,Sole Proprietorship,Medium,Urban,13085930.956520796,0.0534137736193657,0.1418931784349267,4859548.845714636,0.3713567542012053,51,89.94101999819142,0.0,2,66.88344129810505,93.93846248964572,77.91761575320568,Low,29.5,Low
MSME_0315,Food Processing,4,Sole Proprietorship,Micro,Semi-Urban,47008645.1567457,0.2142967661058185,0.1549235012052424,20278376.322193388,0.4313754683755963,31,57.32557048072024,0.0,2,71.50465634308317,91.43264530591446,89.17347800246338,Moderate,57.0,Moderate
MSME_0316,Retail,7,Sole Proprietorship,Micro,Semi-Urban,43819114.12174703,0.2898290873616165,0.0607453103412038,17038029.52048926,0.3888264256815141,9,84.09263612552178,0.0,3,80.65133196790697,79.0322612954817,96.79686241242796,High,76.0,High
MSME_0317,Manufacturing,10,Sole Proprietorship,Small,Urban,39403301.17234121,0.1662760459462042,0.0986248756645611,17713753.34097851,0.4495499822084074,95,84.79127285978188,16.82008515308475,5,77.5942255885534,82.19782897238068,69.04759225117375,High,89.75,High
MSME_0318,IT Services,3,Private Limited,Medium,Rural,19469160.61438896,0.0257164721707894,0.1217927895645475,2323548.6171012954,0.1193450844195123,141,64.26328037268478,0.0,3,69.40002317148142,67.65514444691948,89.98916822228917,Low,9.25,Low
MSME_0319,IT Services,12,Private Limited,Small,Rural,39328070.92403346,0.1594970476262159,0.1152524456896032,19002472.18062709,0.4831783439704549,138,66.30845149188058,0.0,2,67.393535917881,52.97935486765719,80.21796598573856,Moderate,46.0,Moderate
MSME_0320,IT Services,21,Private Limited,Small,Semi-Urban,33492837.84630523,-0.0219629956866392,0.1216217521044495,5537930.324036447,0.165346703359368,102,80.82614459936445,0.0,5,75.46828228175912,52.55751028101988,69.8896720464549,Moderate,47.75,Moderate
MSME_0321,Retail,19,Private Limited,Medium,Rural,7693671.274814953,0.1269938603234808,0.0342695259000074,988346.488530668,0.1284622715511639,106,68.62471722909072,0.0,3,95.12134051377828,77.89368378300367,97.98955102024252,High,79.75,High
MSME_0322,Manufacturing,7,Private Limited,Medium,Rural,41205786.01711395,0.265967325787578,0.1407269969469428,11557286.641430294,0.2804772765802895,29,92.02839894150796,50.52992259902286,1,63.08750120905872,58.49435366095287,56.34722068774863,Moderate,55.25,Moderate
MSME_0323,IT Services,14,Partnership,Micro,Urban,3425738.133344899,0.191754210289642,0.1876208311190124,406940.6800713571,0.1187891964392559,14,45.01273516945727,0.0,4,63.07032247554952,50.209372181397896,83.52171668984587,High,84.75,High
MSME_0324,Food Processing,24,Private Limited,Medium,Urban,21064428.529308435,-0.0415982343042889,0.0971354694300163,3598497.4579808256,0.1708329021589159,86,93.22915057066668,0.0,5,69.47695975586893,54.84828354827124,58.95158187207919,Low,50.0,Moderate
MSME_0325,IT Services,2,Partnership,Medium,Urban,24016948.70690502,0.2728519992796435,0.0367290379890937,5097365.006150847,0.2122403252951664,54,57.87075369236527,0.0,2,83.71536670685403,91.53113802158956,61.23286988208833,High,90.5,High
MSME_0326,Manufacturing,1,Private Limited,Medium,Semi-Urban,30807650.401846685,-0.0441634652785563,0.0647979044680619,13068213.639297476,0.4241872868861864,111,80.23591657586238,22.32721291450192,4,80.20827824919421,93.321159176985,52.98086626723296,Low,16.25,Low
MSME_0327,IT Services,3,Partnership,Medium,Semi-Urban,23252407.570594,0.1865164525133283,0.1622803664916059,7613324.266058992,0.3274209022418448,35,74.80414358638288,0.0,3,59.80004831928076,56.65048994536644,57.93683816871548,Moderate,54.5,Moderate
MSME_0328,Retail,8,Sole Proprietorship,Micro,Urban,10811611.80542164,0.0744037680774216,0.1739203768827193,3173435.281122303,0.2935210159442589,24,72.39610500395014,0.0,5,83.75122527773809,78.77967143200411,58.07289170321201,High,58.5,Moderate
MSME_0329,Manufacturing,7,Private Limited,Medium,Urban,11617820.7837068,-0.0257962512985245,0.2103247105762049,2344664.6423111954,0.2018162171686645,69,42.38234002898716,41.96036797515858,3,87.79812477372191,78.36954720780366,89.81218047281936,Low,7.5,Low
MSME_0330,IT Services,8,Sole Proprietorship,Micro,Urban,7092515.2205424085,0.0414665562598843,0.1163928787709296,2409467.247955451,0.3397197148025555,42,50.05131412930898,0.0,2,60.25857431158842,74.8119610950407,64.28129942811215,Low,3.25,Low
MSME_0331,Retail,11,Partnership,Small,Semi-Urban,9133258.722019223,0.1150773217627083,0.0410270581179417,3199131.7851501894,0.350272764904541,135,62.40510383170578,0.0,5,70.14451083438833,82.10432536761995,63.77682835704256,High,69.25,High
MSME_0332,Manufacturing,11,Partnership,Micro,Rural,31534937.509171467,0.232938208806408,0.1606786764596982,6884046.112886649,0.2182990250380082,10,71.46676300472134,10.847109033742772,2,67.2468740340008,89.53455509500839,69.23662882537225,High,87.25,High
MSME_0333,Manufacturing,13,Partnership,Micro,Rural,3835155.140335324,0.2410392752181829,0.060785107241506,1492752.2747641562,0.3892286544198675,11,68.49426239221896,12.839680721898814,4,60.58435988435532,68.01877461815853,80.24197146812907,High,92.25,High
MSME_0334,Textiles,8,Sole Proprietorship,Micro,Urban,15029972.226703692,0.0430991925824302,0.0965395998609829,4854109.675737969,0.3229619857256749,6,65.21852092028584,33.87543833600781,2,95.436559819897,90.80395211716755,50.94727016871773,Low,15.0,Low
MSME_0335,Retail,10,Sole Proprietorship,Medium,Urban,44047743.91357001,-0.0327726799107334,0.0731485961611341,20215900.901171803,0.4589542869854859,136,40.051117927847855,0.0,5,65.52501172560989,92.95558788234582,75.00291295955434,Low,17.0,Low
MSME_0336,Textiles,5,Partnership,Micro,Semi-Urban,15973602.232960856,0.0937389215535989,0.0682287638089462,7837039.160405398,0.4906244093291617,40,44.604871581494166,23.156370656215643,2,79.09454564984449,88.2929321942371,84.58278259332707,Low,13.0,Low
MSME_0337,IT Services,20,Private Limited,Micro,Urban,33749588.53258101,0.2052584301670221,0.1522639318955273,6166966.371029076,0.1827271572533585,7,60.182877385396026,0.0,3,77.09866112666757,82.26092879223319,87.26073713454173,High,91.5,High
MSME_0338,Food Processing,22,Private Limited,Medium,Rural,10332264.88616252,0.2241855269985434,0.2291281197205082,2563361.2933666343,0.2480928742738307,54,86.53683157916274,0.0,1,86.30864589103814,82.07842833424972,51.27848995448673,Moderate,51.75,Moderate
MSME_0339,Manufacturing,25,Private Limited,Small,Semi-Urban,12802721.135907589,0.0609299176185484,0.2060300544030873,5763726.93305906,0.4501954601583586,26,87.1477015553385,45.879057023092415,1,96.47274514744367,54.87538462319376,92.6664608279394,Low,30.0,Low
MSME_0340,Manufacturing,23,Sole Proprietorship,Small,Semi-Urban,25773235.232060928,-0.0080164703941605,0.0917747302699647,10849460.18109838,0.420958412221453,97,64.49752366081827,5.055322645078277,3,92.47784938551531,97.2874851112965,65.64597740144113,Low,10.5,Low
MSME_0341,Food Processing,7,Sole Proprietorship,Micro,Urban,30093079.348861404,-0.0213119928747182,0.1687725626530676,10532333.998610726,0.3499918993504141,4,49.287215485371725,0.0,3,98.37888731821648,60.88562564890758,54.40760790683223,Low,11.75,Low
MSME_0342,Manufacturing,11,Partnership,Micro,Urban,9865191.723322568,0.202134399505256,0.1375561368525851,3371184.5446096887,0.3417251928961279,36,83.61846656038608,58.87449584732773,3,88.37555287297545,55.27006886982311,91.94269309520344,High,89.0,High
MSME_0343,Retail,17,Private Limited,Small,Rural,15661899.345933108,0.0641377483794007,0.0363106706822352,3757578.219247032,0.2399184247230368,69,74.72567877038571,0.0,3,85.1851337975437,93.17423041845576,56.61439738255192,Moderate,41.25,Moderate
MSME_0344,Retail,20,Sole Proprietorship,Micro,Urban,3280019.4902139986,0.0394736828283765,0.1413396392698665,553137.7203908953,0.1686385468260759,19,64.23656858833614,0.0,5,61.33071884677434,56.094404126613526,70.79306697039738,Moderate,47.25,Moderate
MSME_0345,Food Processing,22,Partnership,Micro,Urban,33325739.324272837,0.1583782295549054,0.1154835004183315,8960521.264843246,0.2688768935522712,23,50.764195205480696,0.0,2,85.94988455580072,70.94848868897623,72.90143082919343,Moderate,59.25,Moderate
MSME_0346,IT Services,23,Partnership,Micro,Semi-Urban,16382299.866117258,0.1586175405163326,0.2490189239718043,4490468.860909107,0.2741049118626215,21,40.090406641184735,0.0,3,62.18930827699944,60.21210531842144,70.9347571663842,Moderate,53.0,Moderate
MSME_0347,Manufacturing,2,Sole Proprietorship,Medium,Rural,42272030.85593098,0.2098022810204314,0.0585973569985865,6262408.208584591,0.1481454304839944,129,88.19058630482559,43.36707603729127,1,75.27813558248455,65.38514066949219,62.108732517373525,Moderate,54.0,Moderate
MSME_0348,Food Processing,11,Private Limited,Micro,Rural,5974878.144221462,-0.0375434192177332,0.2486959696177144,1153697.2246126572,0.1930913395662207,24,81.26434367480235,0.0,1,75.67243578468687,90.1200892225662,67.06222248788603,Low,8.25,Low
MSME_0349,Retail,11,Private Limited,Micro,Rural,43933880.26685686,0.2206142254405653,0.1744651808759529,4950864.88957043,0.1126889967264124,35,65.34034801329206,0.0,3,92.3227126846409,66.03622622299788,78.12146870589605,High,92.25,High
MSME_0350,IT Services,1,Partnership,Micro,Rural,5319661.2426654445,0.1972301988834986,0.099483304750287,546823.4314309558,0.1027929047521392,13,92.4723245792947,0.0,3,40.91375348617531,95.20676762890952,53.43243330739361,Moderate,55.25,Moderate
