MSME_ID,Sector,Years_of_Operation,Ownership_Type,Category,Location_Type,Annual_Revenue,Revenue_Growth_Rate,Profit_Margin,Debt_Outstanding,Loan_to_Revenue_Ratio,Number_of_Employees,Capacity_Utilization,Export Percentage,Technology_Level,GST_Compliance_Score,Inspection_Score,Documentation_Readiness_Score,Growth_Category
MSME_0001,Textiles,15,Private Limited,Micro,Urban,8222922.701900608,0.004598082117670918,0.03335923079868588,3671292.067365055,0.4464704583099741,37,47.857674985706744,39.05330837693117,5,98.79639408647978,91.62213204002109,60.61695553391381,High
MSME_0002,Textiles,21,Sole Proprietorship,Small,Rural,849782.1083760116,-0.04192815123550449,0.1406981718594295,220896.0906781894,0.2599443886861022,34,65.08384913193697,47.110557683580815,3,75.29847965068652,99.1615442903394,73.338144662399,Low
MSME_0003,Retail,19,Private Limited,Micro,Urban,3720053.852771336,0.28210993803866663,0.24209536760714864,1574918.0530494428,0.4233589392465845,10,40.87814387211178,0.0,2,87.36932106048627,72.00762468698007,56.10191174223894,High
MSME_0004,Retail,8,Private Limited,Medium,Rural,19857500.074875418,0.01378263072582181,0.19373312437306006,5362763.131304989,0.2700623497964979,73,70.06906536388038,0.0,5,98.78338511058234,88.75664116805572,96.97494707820945,High
MSME_0005,Textiles,14,Private Limited,Medium,Rural,10201151.689747687,-0.03417044888131168,0.09482597607555081,2606097.5651677335,0.25547091587579285,101,69.68306728139939,35.20506993983089,1,71.23738038749524,77.13480415791243,57.04621124873813,Low
MSME_0006,Retail,1,Sole Proprietorship,Medium,Urban,38726116.08018454,0.019550488536960328,0.02127008693842855,16504473.182920458,0.42618457138193366,100,79.12380740117575,0.0,3,78.56351733429729,53.70223258670452,67.92328642721363,Low
MSME_0007,Manufacturing,7,Sole Proprietorship,Small,Urban,3646138.33915817,0.05884381260048176,0.09479216406615183,1428711.8576458525,0.39184247133522565,123,55.10969861445353,33.67460555086207,3,64.78376983753206,85.66223936114974,88.03925243084487,Low
MSME_0008,IT Services,23,Private Limited,Small,Semi-Urban,2501462.6821523514,0.19873201139002555,0.04550488878672121,689739.8139450675,0.27573460074630807,82,89.26699776204356,0.0,1,72.57423924305307,75.42853455823514,95.37832369630465,Moderate
MSME_0009,Retail,15,Private Limited,Micro,Urban,4310505.536525253,0.051413008519818795,0.057080896068421025,2034037.304739402,0.47187906093702925,46,56.25985272107427,0.0,5,94.85842360750871,90.18360384495573,59.32850294430179,High
MSME_0010,Food Processing,23,Sole Proprietorship,Medium,Rural,5947570.2641199995,0.029777306889679583,0.11823479138403896,2540837.145376681,0.4272059063689973,22,40.382367179215485,0.0,3,76.69644012595116,61.105390523536514,55.99326836668414,Low
MSME_0011,Textiles,24,Private Limited,Medium,Rural,11328828.868866976,0.14533570070606938,0.1128823193433494,1426944.1518522496,0.12595689884359262,71,53.578183456123064,41.778256370387304,3,72.03513239267079,64.24202471887338,51.84434736772664,Moderate
MSME_0012,Manufacturing,2,Partnership,Small,Semi-Urban,14292999.979712266,0.2678930600883288,0.07509923485340365,2257692.9595153322,0.15795794883648925,87,44.44693294829934,22.179267363684268,1,76.41081743059297,68.38915663596266,81.61529152967897,High
MSME_0013,Food Processing,16,Sole Proprietorship,Micro,Semi-Urban,9732666.264792785,-0.03572870045583263,0.15590537693329562,3611069.749170572,0.37102574473691297,20,79.11322428409099,0.0,3,73.94663949166917,54.80882755457104,97.0261632244802,Low
MSME_0014,IT Services,8,Sole Proprietorship,Medium,Urban,6116939.301409159,0.27364276639749696,0.22178805127762563,1242819.2421570302,0.20317665108606228,109,94.01925888311897,0.0,4,81.18602313424026,62.092614545022585,54.65513839029496,High
MSME_0015,Textiles,5,Sole Proprietorship,Medium,Semi-Urban,17281974.656910684,0.0722233511144313,0.18696980614015504,7929732.176473065,0.4588441039810308,73,82.89315502216931,38.52189876925726,3,86.78174971104738,89.26703255569717,83.44941273571143,Moderate
MSME_0016,Food Processing,16,Partnership,Micro,Semi-Urban,48696359.919388205,0.04937234115811298,0.0902336878792105,14328684.842514817,0.2942455014344907,36,75.85786927264303,0.0,1,67.03701010709382,50.90376818077604,74.69468575917173,Low
MSME_0017,Textiles,24,Private Limited,Medium,Urban,15749009.196693266,0.13988908069421474,0.1370272376729148,5583544.222055555,0.3545330472743582,41,53.419430385849594,58.380633285146736,5,79.4696861183782,95.3049393859277,71.71971827552143,High
MSME_0018,Retail,1,Private Limited,Micro,Urban,11894170.777956987,0.1247176829596633,0.1515609658181121,4845942.157093153,0.4074216057225236,18,94.70027809385375,0.0,5,53.978017089837934,94.17470111331295,87.3859386948707,High
MSME_0019,Retail,24,Sole Proprietorship,Micro,Rural,48349413.542661645,0.2872669919812385,0.2161921747574928,10529513.854206542,0.21777955682783426,22,50.500106713269034,0.0,1,72.6768802062511,58.474637334304624,77.84006312291751,High
MSME_0020,IT Services,3,Partnership,Small,Semi-Urban,49507665.580161035,-0.0009705946672165927,0.13921582004365946,22325443.61163522,0.45094922877118215,36,86.67683872085709,0.0,1,75.12420419935546,67.97455756098776,64.67959221322467,Low
MSME_0021,IT Services,3,Partnership,Micro,Urban,4538911.929811898,-0.04818529802910463,0.16441571543818628,806608.1390802021,0.1777095814048169,9,78.60817824917368,0.0,4,84.33085744753299,51.38083859368523,78.94324477537793,Low
MSME_0022,Food Processing,25,Partnership,Medium,Rural,14683791.980350079,0.15679164119915373,0.02701505748598137,1687744.4118095343,0.11493927549968577,89,56.67960330702726,0.0,3,65.0824205060754,76.11216300274022,88.49967765493054,Moderate
MSME_0023,Textiles,12,Sole Proprietorship,Medium,Rural,3058245.197846081,0.13597412104885176,0.1443460779703245,1085591.2938727643,0.3549719605992826,71,47.30099822336334,58.172212026849536,2,72.91825891764984,89.75930973843518,63.54161256310371,Moderate
MSME_0024,Textiles,23,Partnership,Micro,Rural,48151096.52655729,0.24259304217927202,0.18007406740155052,12691722.733180262,0.263581177765708,2,64.32937263521075,14.387241549444195,1,86.40789506870925,63.99669484729714,97.7432640331597,High
MSME_0025,Retail,22,Sole Proprietorship,Medium,Semi-Urban,12762683.980307294,0.07459043752794155,0.1943046054068049,1349748.2167330177,0.10575739545190235,88,45.17863435477081,0.0,4,67.01321079557354,50.85805509158751,88.16822115019555,Moderate
MSME_0026,Retail,7,Sole Proprietorship,Small,Rural,32663797.290816788,-0.033179376531038196,0.23830351826601875,14851319.10206022,0.4546721549192191,115,87.10694126535773,0.0,5,87.35855077592564,80.79255821949569,97.19458022803786,Moderate
MSME_0027,IT Services,17,Private Limited,Small,Semi-Urban,32342766.812896483,0.1103885116720308,0.14549186154266502,15414107.390412582,0.47658592351061013,86,85.12347640741974,0.0,2,68.26737439506982,63.69805636605669,60.72945598541871,Low
MSME_0028,IT Services,19,Partnership,Medium,Semi-Urban,4023838.0987813347,0.06164147060281644,0.21432132152297456,439840.81053661625,0.10930877429433035,134,55.502012612536994,0.0,4,87.71561434767757,67.41683022265987,96.83240759278536,Moderate
MSME_0029,Textiles,25,Sole Proprietorship,Micro,Urban,27624608.220780324,0.09821482980784148,0.1507596652624904,9126337.124567593,0.33036983010323384,36,62.69397223012845,22.32108514756699,5,69.5438743916136,83.99223899501229,86.99543802236872,High
MSME_0030,Food Processing,9,Partnership,Micro,Urban,25509992.436168928,0.23926011313770956,0.09361140823704071,11688915.557757555,0.4582092913984802,37,40.59607083141641,0.0,1,93.88572576382359,67.74525952313603,97.84004425632281,High
MSME_0031,Textiles,19,Partnership,Medium,Urban,5039355.289294814,0.16085432406539163,0.14735170203953415,932740.1061178414,0.1850911580096916,72,83.53684740492167,47.37708856767323,5,97.2371642274917,98.71241042672051,99.79656210151646,High
MSME_0032,IT Services,5,Private Limited,Medium,Urban,17870293.121327896,-0.009026544250337956,0.052888086872152254,7230396.593652313,0.40460425268698896,26,63.435031127581766,0.0,2,59.832580097712594,94.59484543883883,57.330241084601276,Low
MSME_0033,Retail,5,Partnership,Medium,Urban,18846786.2798111,0.23447984854012588,0.2378671727982875,9317859.156595524,0.4944004255291485,55,60.69427720420037,0.0,3,78.85734579637185,77.92021248679025,71.21110046234881,High
MSME_0034,IT Services,19,Private Limited,Small,Semi-Urban,13057267.606720367,0.09182073037349599,0.15143879579715244,5175764.357270193,0.39638954436426727,80,85.25346935321812,0.0,1,87.24157708387636,61.8753235646235,70.01114464360124,Low
MSME_0035,Textiles,17,Sole Proprietorship,Micro,Rural,22098623.66452452,0.23073823715935693,0.24491715381348228,7124640.808269208,0.32240201545703384,48,89.01287125339391,31.662066545177993,3,96.76462861114638,62.64950839946206,84.77055615533237,High
MSME_0036,Manufacturing,18,Private Limited,Micro,Urban,34939560.10473855,0.10908937266872061,0.16433835841933458,11660230.0190723,0.3337257247692401,17,80.54053882136606,54.91526050014638,2,98.01645936306235,94.51318919454582,72.78283763928565,Moderate
MSME_0037,Textiles,21,Partnership,Small,Rural,11855039.912395008,0.04307827373748363,0.1028793718972117,2418190.390983058,0.2039799451417051,65,44.191020877953974,56.431909628123,3,89.0287803355344,80.6707597967895,70.91215181453094,Moderate
MSME_0038,IT Services,13,Sole Proprietorship,Medium,Urban,38991313.04489367,0.11812952865322411,0.246615791653066,9774950.14971378,0.2506955879751763,45,60.94899711470619,0.0,3,93.68475692542835,91.91643523555689,73.43465798974852,High
MSME_0039,Food Processing,1,Sole Proprietorship,Medium,Rural,34739862.65986115,0.13702119626031206,0.1924794723780935,16163287.393633839,0.4652663009030572,42,82.29430783492808,0.0,5,77.85406010212279,68.89252746378932,62.05424161648159,High
MSME_0040,Manufacturing,14,Sole Proprietorship,Medium,Urban,30505644.405318562,0.030024981926211947,0.17449115741334703,10593124.560649382,0.3472512961831583,111,54.776986511391904,1.3310845218180978,2,80.81230803615173,88.61591958678196,76.00817505559966,Low
MSME_0041,Textiles,1,Partnership,Micro,Rural,43894353.33158808,0.09121900317433894,0.05082350254364737,4894794.118729382,0.11151307052533561,16,83.15675451693703,38.36168141845454,3,50.64820807544554,56.818573779338486,50.7272332833941,Low
MSME_0042,IT Services,2,Partnership,Small,Semi-Urban,22155008.64017459,0.26645554307281194,0.10009875741535909,6770477.493335273,0.30559579566392436,98,61.80985302766986,0.0,2,83.11818543733726,97.47603118288211,57.3536740464519,High
MSME_0043,Manufacturing,10,Sole Proprietorship,Micro,Rural,31229881.378893517,0.07159469287889497,0.06810008194805826,10363947.615823667,0.33185997378869536,12,44.17248304597651,7.7327833146389535,3,65.5530869059764,82.04373724016074,59.09400421995724,Low
MSME_0044,Manufacturing,3,Private Limited,Medium,Urban,48668962.28887016,0.16067738843933604,0.07148528515845373,20865175.234458655,0.4287162547377797,111,59.119056796547596,1.908280889109908,1,66.72117518662616,67.7995742135993,94.71086314479629,Low
MSME_0045,Manufacturing,14,Partnership,Micro,Semi-Urban,2445950.9221343976,0.2297936396181649,0.1644170895829088,324586.5240487034,0.13270361277954879,31,48.633772549390656,22.637157914524355,1,71.07510592588815,90.31006398965306,87.41298451918291,Moderate
MSME_0046,Retail,20,Private Limited,Medium,Semi-Urban,46240067.07581794,0.0326407865910915,0.1947897440556447,14450312.347110277,0.3125063015894136,149,81.11090159735662,0.0,3,70.09747777376083,85.66747929422762,94.76034188435997,Low
MSME_0047,Food Processing,15,Sole Proprietorship,Small,Rural,18030260.20425971,0.08900734137642886,0.04411990830247061,7121269.117164897,0.3949620824375276,47,41.10391587777495,0.0,1,93.62839943511725,54.46021643560281,76.76677820077617,Low
MSME_0048,Manufacturing,17,Sole Proprietorship,Micro,Rural,39563976.311063245,0.12445476962517003,0.03999166626010745,12456425.829916773,0.3148426167274191,35,70.67582462727405,35.19212607964555,4,65.10321211182256,64.18879528993622,68.15411481993175,Moderate
MSME_0049,IT Services,2,Private Limited,Medium,Urban,16852249.823405243,0.2767921383159561,0.02173290352083719,3204170.8225238696,0.1901331190850113,89,53.527675061147946,0.0,4,82.5408758918073,54.394381227007194,90.29324433705717,High
MSME_0050,Manufacturing,23,Private Limited,Medium,Semi-Urban,20814642.935988244,0.29383251591801224,0.04576894749865204,5393953.187287151,0.25914223961829663,94,87.60289192416892,49.024324256956795,1,79.62995117035138,86.14480483108878,91.04307365766763,High
MSME_0051,IT Services,15,Private Limited,Small,Semi-Urban,42009836.65577993,0.02177714605231068,0.24263863529597388,16147782.667959444,0.3843809915346993,39,53.33253528282941,0.0,1,84.4248016976653,64.43152766201278,79.06191107113061,Low
MSME_0052,Food Processing,4,Sole Proprietorship,Medium,Semi-Urban,3065265.0727101318,0.06781149736787219,0.05091537569596408,384230.9406606976,0.12534998818910711,149,57.72946147360976,0.0,2,44.39340556213284,56.94123867210102,50.13554497071648,Low
MSME_0053,Manufacturing,11,Private Limited,Small,Semi-Urban,39817327.77333989,-0.012655262460297384,0.2156673158037846,15862817.655067999,0.3983898102194873,97,91.3115936904975,59.45576858744344,2,67.24932264662641,53.32481336833887,87.05603246450295,Low
MSME_0054,Textiles,8,Private Limited,Micro,Urban,10480552.342363354,0.007279580002996569,0.05778113352412838,4462932.43109673,0.42582988809255284,15,68.76859836230156,21.52982904741015,5,83.53226703180226,84.14910317085662,72.59743006495196,Moderate
MSME_0055,Food Processing,6,Sole Proprietorship,Medium,Semi-Urban,25384659.30957772,0.031274443301386054,0.22690215185315074,6436445.077556433,0.2535564885492846,72,89.85596610305008,0.0,3,81.71397242453637,71.57640715682213,66.64078929562422,Low
MSME_0056,Food Processing,8,Partnership,Medium,Semi-Urban,31193601.41846142,0.13671138219171253,0.22559529410172025,12959034.976505442,0.41543888448981237,57,81.38217160213526,0.0,5,69.93956559257863,87.19731462863385,51.67662173678897,High
MSME_0057,IT Services,10,Sole Proprietorship,Medium,Rural,17433046.56143742,0.2374400566352045,0.04544529949969767,7645801.541681048,0.4385809166938073,34,83.85124511787545,0.0,5,79.45429927982431,70.44775885427467,88.59409902991226,High
MSME_0058,Food Processing,19,Private Limited,Small,Semi-Urban,30151953.556477662,0.2393795897331774,0.2405872027497264,7146305.553413547,0.23700970287141737,42,65.4103192004273,0.0,3,66.13405612464321,79.31149160083986,75.2944339442233,High
MSME_0059,Manufacturing,1,Private Limited,Medium,Urban,46163719.368276134,0.1975335220096895,0.05508397987028012,15257817.590405537,0.3305153440667253,141,43.790684665197034,4.639263929327235,1,86.27842564533881,72.5419685702066,55.661902292037766,Moderate
MSME_0060,Retail,14,Partnership,Medium,Urban,16941247.426419478,0.0590054924159744,0.07230099280173591,5813520.476402674,0.3431577575177035,72,58.43584829052455,0.0,4,91.51159554857969,80.18607658650694,55.713365002784386,Moderate
MSME_0061,Textiles,25,Partnership,Medium,Rural,17644126.721115083,0.07143362066367968,0.18962528706524212,4956008.933960103,0.28088717635592286,127,90.20122045835208,14.893586565429114,1,79.9347109095792,70.9462724752274,95.742295053405,Low
MSME_0062,Manufacturing,11,Partnership,Small,Rural,33345099.914827175,0.012312588404412995,0.24104617301797468,5317379.395698039,0.15946509110124518,137,87.33476098399038,32.104183136019515,1,71.98383647065909,65.49684631343055,69.8659057728799,Low
MSME_0063,Food Processing,24,Private Limited,Small,Rural,9939042.172851495,-0.03720761625316679,0.12857539737529983,3239496.1550685004,0.3259364533050466,37,56.172457357153434,0.0,3,78.13155338992111,76.219513466379,72.03813734691141,Low
MSME_0064,IT Services,6,Private Limited,Medium,Urban,17050959.159868866,-0.023573822668638778,0.1932466307719137,3562299.0375838354,0.2089207418881198,129,68.96181566626116,0.0,1,61.015454226413794,57.80762986830952,85.79861144236988,Low
MSME_0065,Retail,8,Sole Proprietorship,Micro,Semi-Urban,13067483.920143561,0.018639584892708477,0.13626681219438777,4417065.581587588,0.3380195918801683,48,71.31939347699252,0.0,3,86.10984431407499,61.90913905233633,54.97206963796726,Low
MSME_0066,Food Processing,16,Sole Proprietorship,Small,Urban,20616419.25953934,0.06339652138737986,0.039992753438580345,7283704.849073911,0.3532963099643842,104,41.459271213060084,0.0,5,95.05776303501176,82.14627818071267,85.19730675692547,High
MSME_0067,Manufacturing,15,Sole Proprietorship,Medium,Rural,41342812.90542166,0.07707072426828167,0.0278724654887217,17870918.832131155,0.4322618026260999,56,62.51764087051822,33.12283085111881,2,94.44272079898886,60.975526254047935,98.7273632599435,Moderate
MSME_0068,Textiles,24,Sole Proprietorship,Small,Rural,24627844.313350927,0.263093279412932,0.20396670886788248,6651621.2265361445,0.27008540178769336,134,68.18517107350569,44.501216653719936,2,85.33912879304589,62.894384271660115,56.96780370364121,High
MSME_0069,Food Processing,14,Partnership,Small,Urban,8998124.649491023,0.04530756428177912,0.02422985560591735,4190602.3162740027,0.4657195226241996,104,84.82799356213513,0.0,1,70.96220882748824,77.70890012578967,82.57101941759322,Low
MSME_0070,IT Services,12,Private Limited,Micro,Rural,7430917.663692226,0.042289330922115745,0.08129463047530291,2919413.09323102,0.39287383138362497,35,73.02842732385093,0.0,1,79.77095400553085,78.66471890897003,91.90534815891479,Low
MSME_0071,Retail,14,Partnership,Small,Semi-Urban,9626360.57360868,-0.01838206379783725,0.19732676287316006,1225434.5664732826,0.12729988214163665,30,55.8781555223885,0.0,4,88.76183620736981,64.85608578115875,78.32023201484486,Moderate
MSME_0072,IT Services,23,Private Limited,Small,Rural,36762318.81190739,0.025229132506764854,0.027172121064095476,7532805.644970888,0.20490561771993004,100,67.300143596068,0.0,5,66.18688563532945,81.16662754524954,73.71186543501848,Moderate
MSME_0073,Manufacturing,9,Sole Proprietorship,Micro,Urban,35393814.709603176,0.1594001203938541,0.12572674793506017,4614410.693716584,0.13037336414784884,38,40.128666484417806,58.06196329242519,2,64.12374984054979,65.72982784047055,90.37151259083805,Moderate
MSME_0074,Manufacturing,17,Partnership,Micro,Semi-Urban,26304383.036971685,-0.019653175848235744,0.24037928239090398,10610056.123201486,0.4033569655782726,32,84.36086313237973,39.527002002643044,1,96.13455250544101,82.33324595585816,84.65876057284623,Low
MSME_0075,Manufacturing,13,Partnership,Medium,Rural,29619055.97001159,0.2997737248480422,0.14783551373055132,8568320.386211881,0.28928404723253337,33,46.628741833255546,43.8614202874969,3,96.97584781506121,98.55291225826838,97.2133244556717,High
MSME_0076,IT Services,20,Private Limited,Medium,Rural,26360511.515522864,0.17559132771903774,0.16953849060194248,6481493.569151817,0.24587889978292235,127,46.63117871775033,0.0,2,95.39993426093125,76.51325663174501,72.05160808740808,High
MSME_0077,Textiles,7,Private Limited,Micro,Urban,33251931.166486803,0.20824951841728373,0.13963866527210833,9002189.6720767,0.27072682266194575,45,52.812771111449855,1.4640468933922812,2,99.61365253367109,50.01187617879423,59.27364547883612,High
MSME_0078,IT Services,3,Private Limited,Medium,Rural,17860234.86485965,0.21851590112589442,0.1124441101301257,5214300.000305176,0.29195024812156356,35,88.05224128024864,0.0,1,78.41367069322591,70.8883391083667,71.06785011385351,Moderate
MSME_0079,Retail,1,Partnership,Micro,Semi-Urban,23631882.9436138,0.05395100675920876,0.2161490189891373,9127137.168573536,0.38622132609369675,38,42.3151254299999,0.0,1,85.51695510287672,52.25503386101616,55.473379933955755,Low
MSME_0080,Manufacturing,24,Private Limited,Small,Urban,39424078.21356983,-0.018706149190709176,0.11604357843053353,17805779.38788175,0.4516473230248659,65,73.04391455432089,54.22343803051623,2,66.681357843683,99.55843130684883,61.58358506917217,Low
MSME_0081,Textiles,22,Sole Proprietorship,Medium,Urban,6456768.720732299,-0.03356912499826545,0.10834084064298741,740544.7219244519,0.11469277497064546,22,85.44131326866813,48.0461812277925,1,80.73041466705568,79.86370362151705,76.25157504301342,Low
MSME_0082,Food Processing,10,Private Limited,Small,Rural,34953020.59366272,0.0038635672189492667,0.2076416187478421,6633252.431150367,0.18977622873466427,139,81.13293822507256,0.0,1,83.71759739366813,79.00431039189056,54.574341869887746,Low
MSME_0083,Manufacturing,24,Private Limited,Medium,Urban,44493029.95351437,0.2844780243804137,0.21828935197105365,18856432.179585587,0.42380642988995126,59,91.23742185754445,44.112759271407164,2,76.33812852282794,68.6344258506157,62.98768918801631,High
MSME_0084,Retail,16,Partnership,Small,Rural,48125037.643306464,-0.011685898980941148,0.2257303841226555,23898418.894836783,0.49659013405801933,133,67.2330589857686,0.0,5,96.2605487777832,78.56594709597871,83.10560050532823,Moderate
MSME_0085,Food Processing,13,Sole Proprietorship,Micro,Rural,26302385.452930536,0.2538562814180414,0.07641567241872695,4285612.416858739,0.1629362638810104,49,78.95996371932691,0.0,3,69.54760125204069,96.50451752548693,55.2917046914292,High
MSME_0086,Food Processing,6,Private Limited,Micro,Semi-Urban,48085106.76515292,0.11291450306949423,0.22218644045247027,4907473.110541453,0.10205806830188591,33,58.4315369842528,0.0,2,92.71868096476248,91.6067088978871,75.37338668804182,Moderate
MSME_0087,IT Services,13,Partnership,Medium,Urban,28212293.45928706,-0.009454650126909825,0.10663993325696372,2923610.6829063375,0.10362896186109,128,82.89149673331289,0.0,3,90.44111610008112,77.06332893380551,98.14960019294973,Low
MSME_0088,Textiles,15,Partnership,Micro,Urban,39545945.60260184,0.01081371635764837,0.19729644496442764,18939310.86363808,0.4789191553025352,18,82.40413608926745,42.51432027615776,1,62.31681842235193,53.7347208878927,92.62073295993238,Low
MSME_0089,Retail,12,Private Limited,Medium,Urban,19488806.89007828,-0.027030849399095475,0.20894797790371142,4847517.42764374,0.24873341169548982,77,40.056621391509836,0.0,2,70.94506665126664,99.85622500788556,71.30906511179865,Low
MSME_0090,Retail,9,Private Limited,Medium,Semi-Urban,41383077.90709488,0.05443105084649741,0.21318784787466852,16931021.916234717,0.4091291120067218,103,75.99811678546243,0.0,3,94.72217290129171,98.1618326720066,51.565115687375815,Moderate
MSME_0091,Retail,21,Private Limited,Micro,Semi-Urban,48243763.37737532,0.21603292745333402,0.12172871534760937,10844271.543556856,0.2247807961980522,39,52.64750332400974,0.0,5,68.01436574194851,93.40614067452654,85.74620201011238,High
MSME_0092,IT Services,15,Private Limited,Small,Urban,43496846.813802734,0.2218088984771096,0.19731202426813196,19047847.347088285,0.43791329124675504,112,47.21846827253132,0.0,5,96.47344139839645,98.37556318068889,59.27294373383272,High
MSME_0093,Manufacturing,14,Private Limited,Micro,Rural,34435481.717834085,0.10060706321481193,0.06612068714107745,10214866.182544084,0.2966378186965748,23,72.00842710529193,16.13960426610586,3,99.37405629611615,57.47903213337829,73.22992983179051,Moderate
MSME_0094,IT Services,14,Private Limited,Medium,Rural,14937297.64611051,0.1932436601442899,0.21782815135351705,6153276.300896487,0.41194039555733997,30,66.4278820991806,0.0,1,69.6818006345011,99.33312966335733,57.12477714507566,Moderate
MSME_0095,Textiles,20,Sole Proprietorship,Small,Rural,16659834.7580776,0.13119907518464896,0.040209294803311674,4002538.1700784774,0.24025077248367233,96,44.32181734352614,23.815396572095764,2,99.09865545259143,60.042954493114706,84.65969704113405,Moderate
MSME_0096,IT Services,10,Private Limited,Micro,Semi-Urban,6648888.353038938,0.2636774559397634,0.1567986265966953,2304782.8444142328,0.3466418327449896,32,69.77129844155888,0.0,2,97.40807261197838,97.36752313155193,81.26523301069739,High
MSME_0097,Textiles,15,Private Limited,Medium,Semi-Urban,33210595.85581291,0.14355050840718542,0.15741944840534391,13733678.045670774,0.4135330213675448,146,75.39677323580887,31.584159656166793,2,77.54428865958154,86.24132799370292,79.66393241550894,Moderate
MSME_0098,Textiles,13,Sole Proprietorship,Micro,Semi-Urban,11351092.374223193,0.291552839536696,0.09748603210735458,1962004.151015686,0.17284716627547972,33,67.40076440492264,33.321813056257874,2,86.1305207694932,66.61573126775545,77.12393178596838,High
MSME_0099,Food Processing,3,Partnership,Medium,Semi-Urban,11417775.683655001,0.09643992603367844,0.06682300447871582,4980216.387428743,0.43618096251077343,68,87.75498779746093,0.0,2,77.13532605999904,71.27466672240377,67.29674962734815,Low
MSME_0100,Textiles,20,Partnership,Micro,Semi-Urban,29144432.724333473,0.10351539671635664,0.1868092618954814,8587919.361383284,0.29466757656988113,3,72.87479608907253,47.57736567633789,2,99.68533265362689,64.19272643043224,67.95755148331158,Moderate
MSME_0101,Food Processing,13,Partnership,Micro,Semi-Urban,12171708.650980888,0.22160007246240032,0.11322134210972098,4147414.217081405,0.3407421534648034,43,53.06488287081327,0.0,2,67.23907810837959,92.71925466847895,74.61389282240174,Moderate
MSME_0102,Textiles,15,Partnership,Medium,Urban,33299753.310911857,-0.016658472215880807,0.1699883464720007,7487756.644880072,0.22485922267857883,47,54.197338798562015,39.404199872477534,1,90.93892502746402,56.54368303591749,98.49105225392724,Low
MSME_0103,Food Processing,10,Private Limited,Small,Rural,16879023.46796401,0.10707215084099105,0.17395979233565312,2671993.761201625,0.15830262729790068,39,72.33364041107129,0.0,4,88.27108867541783,58.35209539504749,58.380960814415886,High
MSME_0104,Manufacturing,11,Sole Proprietorship,Medium,Urban,26908840.30233493,0.2236266154457603,0.1822386866458068,7495389.080224117,0.27854745860503427,130,87.75492042822923,12.350472602206095,5,61.367510637566326,99.33464901785808,56.14854042648133,High
MSME_0105,Retail,20,Partnership,Micro,Urban,6544440.743496327,0.10826965989920233,0.23479125403141812,1482070.0322356117,0.22646244199070018,15,77.85143262266274,0.0,4,99.46520491835388,98.25593482180227,50.24699904672048,High
MSME_0106,IT Services,25,Partnership,Micro,Urban,29215555.36992567,0.03897860296412263,0.13999791072632903,6925880.318950475,0.23706139524836614,39,47.68081901159721,0.0,5,65.74169448157572,96.99098959634209,86.64494591706709,Moderate
MSME_0107,IT Services,21,Sole Proprietorship,Medium,Urban,22465635.855576273,0.25384978903212685,0.06074445157289876,8470676.55629154,0.3770503808904658,74,93.82472080702917,0.0,3,87.32992113158583,74.85873820042136,80.8923620100607,High
MSME_0108,Manufacturing,12,Private Limited,Micro,Rural,45974550.95117846,0.16021333989118264,0.23640133195775492,19802873.65016874,0.43073555348475095,49,75.81781373728207,6.395581818479443,4,66.37149780971221,80.24769613452705,65.90557768090598,High
MSME_0109,Manufacturing,9,Sole Proprietorship,Micro,Urban,4978843.916709011,0.05103995843572333,0.04509521530612244,1793402.7758133567,0.3602046591166863,39,57.986823885978126,40.05560313381508,2,90.49140539106463,89.89068244293173,71.77916574064665,Low
MSME_0110,Food Processing,1,Partnership,Small,Semi-Urban,785053.6946570177,0.06360504046509459,0.10428615302042152,202912.10357372626,0.25846907664370217,79,70.16748469083123,0.0,1,51.87720654371637,68.662589581467,61.363481363157575,Low
MSME_0111,IT Services,11,Private Limited,Small,Rural,31164772.127475917,0.1122229153302003,0.10735072944122287,13878715.796302823,0.44533345982873007,67,86.59420487549158,0.0,4,61.02568263225743,67.06239138130782,69.00978093929285,Moderate
MSME_0112,IT Services,16,Sole Proprietorship,Medium,Semi-Urban,20021083.529008336,0.14229498345065866,0.19178141471123922,7732069.639013042,0.3861963628397098,40,50.767789212595034,0.0,5,95.92122195799948,62.174114828814965,96.35172723981533,High
MSME_0113,Textiles,21,Sole Proprietorship,Small,Semi-Urban,5520331.008236217,0.12005511571521395,0.07905861057571682,1181070.186466277,0.21394916078476914,46,91.1283232582094,31.935612800342412,2,84.41335133243673,85.80753371115968,63.63120003667669,Moderate
MSME_0114,Textiles,25,Partnership,Medium,Semi-Urban,34215333.77126665,0.013503421693469422,0.14078757824342383,13125635.178767433,0.38361850468897307,75,83.63739919813105,11.11370679284458,4,76.98109700785447,54.35194812938293,90.78743217521404,Moderate
MSME_0115,Textiles,24,Sole Proprietorship,Small,Semi-Urban,47594465.439229526,0.16056413705121592,0.20841343766816176,21592780.128314618,0.4536825853393631,45,51.662466194952465,36.6588593310595,2,74.430900764424,95.29455523938802,88.49723501258396,Moderate
MSME_0116,Manufacturing,5,Partnership,Medium,Semi-Urban,33543720.01492779,-0.01656264015786614,0.16348764467561178,9415959.412434964,0.28070707149489166,88,49.240781425967484,44.21242469665093,2,63.64459828165911,76.76790509213305,58.922298261388605,Low
MSME_0117,Retail,15,Private Limited,Medium,Semi-Urban,11981381.257740783,0.08681709856693011,0.1567295570928198,3578919.3786548837,0.2987067435436678,21,55.099713970006896,0.0,5,87.03364980349504,72.13584833897636,72.28954572886144,High
MSME_0118,Manufacturing,17,Private Limited,Medium,Rural,5653427.644516233,0.2035185859950594,0.1530289909114741,1185321.760998905,0.20966426662392237,55,44.71120372780368,53.651452479847094,3,76.0475165615593,68.34780396024003,67.1780237387852,High
MSME_0119,Textiles,13,Sole Proprietorship,Small,Urban,3961614.4826169894,0.17405887833985811,0.08236391039504251,1335558.4769029873,0.3371247966613691,86,69.31267826032344,19.460025186922536,3,67.61299451276271,52.61694378932542,68.92382117429345,Moderate
MSME_0120,Manufacturing,3,Partnership,Medium,Rural,17011692.698873922,0.15316625235083609,0.040416500644786746,8244994.061527278,0.4846662943819253,50,81.51608009674663,10.228676290435052,2,44.83382248233598,72.51854681290925,87.8081664447623,Low
MSME_0121,Manufacturing,16,Private Limited,Small,Urban,6431535.599873494,0.29095762001980546,0.024606061862939628,2539633.9042500844,0.3948720900028973,127,53.401119383512665,40.29350661678224,4,84.94342752011039,54.456221605800835,87.7635210248404,High
MSME_0122,Manufacturing,21,Partnership,Small,Urban,2289938.8359757247,0.056094924580865,0.08051589107949386,558870.0218846963,0.24405456298860762,104,59.0476972723952,14.343319931835936,1,72.22097242632094,69.84907585371417,72.36012702524178,Low
MSME_0123,Textiles,18,Private Limited,Small,Semi-Urban,39420659.85947618,0.1511055838112183,0.15031233329942625,10108131.48715803,0.25641710522326977,31,91.1827368054154,6.9819838731285655,2,85.11800211090544,83.71519032045242,76.6240596279713,Moderate
MSME_0124,Food Processing,16,Private Limited,Small,Urban,16465134.90339755,-0.04198716125835791,0.055371964423647155,3119250.2224712432,0.1894457737985245,39,71.51727859119671,0.0,2,92.89922254537444,56.62623363709242,93.10072411363113,Low
MSME_0125,Textiles,14,Sole Proprietorship,Small,Rural,41551954.05449355,0.06113600675685796,0.23914343134829769,17870677.154803153,0.4300803069662272,136,46.69690511189011,28.694041382884336,4,65.4066515661929,98.15575557945868,77.47647679475085,Moderate
MSME_0126,Textiles,13,Private Limited,Small,Rural,14248754.875588426,0.24800702314294287,0.020076476407712564,1525687.1929449942,0.10707512384530289,149,75.76106008189844,9.121491187718886,3,82.5776436271553,59.589122779593026,60.58776753327392,High
MSME_0127,Food Processing,18,Sole Proprietorship,Medium,Semi-Urban,49192106.80053897,0.03371303647557396,0.052717354798055116,7307683.041671927,0.14855397576897156,134,49.77715133181865,0.0,4,84.72206697148744,81.6594813006732,61.44473024233068,Moderate
MSME_0128,Retail,7,Sole Proprietorship,Small,Semi-Urban,36353714.74899473,0.22723277181619012,0.11310363868959597,13146605.430569662,0.3616303181487993,26,68.9027542082752,0.0,5,75.48315041342524,98.19111377411755,62.429012885747106,High
MSME_0129,Food Processing,21,Partnership,Small,Semi-Urban,29316337.374108627,0.18834118953338558,0.06362981508017576,10189751.35473457,0.3475792772030886,32,40.66664260541413,0.0,2,85.17195224042945,59.942813888764796,53.23083399220431,High
MSME_0130,Textiles,17,Private Limited,Micro,Semi-Urban,22991678.060718063,0.2455249789588656,0.04255899358037626,6789361.02143327,0.29529645480871125,5,87.55632156772297,14.608678104292034,2,79.04072517475066,68.79441425728847,69.72381392850177,High
MSME_0131,IT Services,21,Partnership,Micro,Urban,47789066.98194445,0.2254161851893533,0.09254358602204293,17933032.922902614,0.3752538824346169,49,54.00688421253281,0.0,2,97.21275539351295,62.652921640039224,89.05852118934595,High
MSME_0132,Textiles,11,Private Limited,Small,Semi-Urban,22781159.4047781,0.02943764302787745,0.2245599107096342,6384371.232832612,0.28024786269190316,88,80.55885727968172,30.73331524876047,5,61.91323281576422,51.901092411872746,87.31036287409194,Moderate
MSME_0133,Manufacturing,13,Private Limited,Medium,Urban,47846819.21582427,0.20812792581065243,0.10124782395547477,10459995.661154348,0.2186142325150621,47,59.51627481412898,24.727855815766297,5,86.41210878805353,88.2186331110868,63.2523214162502,High
MSME_0134,Textiles,17,Private Limited,Micro,Urban,19406012.162818346,0.021990541768444283,0.04791887617666348,6714580.871503137,0.34600518721554663,15,43.808986845722295,57.58959108455574,2,72.88862013778514,56.26167852164136,73.7168054953107,Low
MSME_0135,IT Services,22,Sole Proprietorship,Micro,Semi-Urban,26278023.02079353,0.1657749044132792,0.05602684050397591,3087516.615560414,0.1174942503519878,18,91.04460021793273,0.0,1,74.88668095350053,71.6038441472098,71.97024948472261,Low
MSME_0136,Manufacturing,18,Partnership,Small,Urban,33961122.64152459,0.12361674353796027,0.02292442469698551,16877528.715096716,0.4969661601957881,141,84.87708164327395,51.68219978180616,1,70.33726481167272,77.20082895913758,81.80353818649125,Low
MSME_0137,Retail,8,Partnership,Small,Semi-Urban,9439432.609677393,-0.03114962755069086,0.09361376147982621,3787807.7008945453,0.4012749343653611,108,91.55634365734154,0.0,5,89.11788706922972,55.397185732323216,84.26490080579367,Moderate
MSME_0138,Textiles,18,Private Limited,Medium,Semi-Urban,7958467.33163893,0.06983427261174126,0.11508578333791014,3209442.989960263,0.403274004430615,116,67.95983008039539,17.852907079129235,3,66.06277486350695,54.68784603227783,78.85863916437751,Low
MSME_0139,Manufacturing,5,Private Limited,Small,Rural,961915.1814411181,0.036337602582568046,0.18708619447599112,477806.3378670436,0.49672398053974537,123,50.667462699727615,52.78898915651632,2,50.20178173144494,77.7542474651143,86.65356480148374,Low
MSME_0140,Food Processing,2,Sole Proprietorship,Micro,Urban,27934212.449534822,-0.048169635259980546,0.19502787480646158,3187979.20126611,0.11412454197609563,18,40.60673878443562,0.0,1,87.90367400596901,68.39703756510423,66.34658081690395,Low
MSME_0141,Food Processing,23,Partnership,Medium,Urban,6673345.817113829,0.08488155906657661,0.1679739913797104,2750485.6144429767,0.41215991045890993,56,76.46731024752708,0.0,5,61.16285521375815,58.34425589274355,59.06596399627526,Moderate
MSME_0142,Retail,20,Sole Proprietorship,Medium,Semi-Urban,24308158.049363125,0.17481393406682955,0.03491632673108272,8070150.833284809,0.3319935149712525,74,78.66188925382723,0.0,2,83.97475862651736,80.10728220262405,51.1466405634021,Moderate
MSME_0143,Food Processing,17,Private Limited,Small,Semi-Urban,3398270.9975769706,0.06698341154362127,0.20052630473563754,1301783.738184983,0.3830723738963663,119,68.44979810428852,0.0,5,65.89810106825136,66.40963768046558,71.70096830869376,Moderate
MSME_0144,IT Services,20,Sole Proprietorship,Medium,Semi-Urban,38446131.93659635,0.20676554051480933,0.08887200741313395,6512468.323099445,0.1693920297063829,23,67.28915112622707,0.0,3,87.43645084199454,99.55632159106518,87.36097938710188,High
MSME_0145,Manufacturing,16,Sole Proprietorship,Micro,Urban,48992512.39417723,0.007852938839561084,0.18105795067223984,16379375.574282994,0.3343240583887608,46,78.37188451360413,55.77701537254105,3,97.62716980461363,62.964837943288686,71.48284063694675,Low
MSME_0146,Food Processing,5,Sole Proprietorship,Micro,Urban,22041429.76314016,0.27807365297555253,0.18238437176272565,7768904.360878237,0.3524682583826826,40,89.71523316432061,0.0,3,61.842535130758975,86.47541143261984,88.27564494955548,High
MSME_0147,Textiles,12,Sole Proprietorship,Medium,Urban,47852423.74363117,-0.025864694275252592,0.033122585864788494,10186576.563641002,0.21287482987728007,33,53.725040991722835,16.31698356771786,2,93.79157745144086,63.40695100477567,57.8190902201724,Low
MSME_0148,Textiles,24,Private Limited,Small,Rural,28318645.949606936,0.07107215662559298,0.09249358985239257,11575050.863443092,0.40874309047264856,89,89.49083401279998,1.30940380652937,3,98.53577736854201,78.0084091730921,96.84112310165459,Moderate
MSME_0149,IT Services,12,Partnership,Micro,Urban,49074205.979613714,0.03978552185548673,0.17046015833903713,8796014.211611517,0.17923905310389607,25,58.60447079327916,0.0,3,98.88021318526148,80.42636363482333,67.47531860434094,Moderate
MSME_0150,Manufacturing,1,Partnership,Micro,Semi-Urban,12922849.736344751,0.24771562024439825,0.14908124130498074,3997765.8140582633,0.3093563645497466,35,62.21878319796015,32.55274820372537,1,67.1769108671323,54.08626728733891,72.91503207643282,Moderate
MSME_0151,Manufacturing,10,Sole Proprietorship,Micro,Rural,33377301.76801816,0.025631658614857625,0.04243937735503894,14846049.041557988,0.444794763361709,40,69.9987528173798,3.736386352913137,4,74.2389349517941,98.90309089867642,89.6994858184003,Moderate
MSME_0152,Manufacturing,7,Sole Proprietorship,Small,Semi-Urban,38042038.384521,0.2139376881106574,0.024127506070753122,5725384.338927132,0.1505015131170454,98,88.3770020223341,52.23470550276041,3,97.86551816798428,78.00911291874559,87.53647534996736,High
MSME_0153,Manufacturing,2,Sole Proprietorship,Small,Semi-Urban,45506400.19014723,0.13854562928345,0.13449687684788675,6470531.378919502,0.14218947998265224,42,85.2156738330124,22.82520045045374,3,62.053607912539185,59.78046365222575,59.33616478865207,Moderate
MSME_0154,Textiles,9,Sole Proprietorship,Micro,Semi-Urban,32312395.55478497,0.018544284405421593,0.2263003239974129,9954680.335940415,0.3080762093006218,21,70.68011055610607,9.962058804971727,3,74.52402946536041,94.85931704823095,58.44271033388431,Low
MSME_0155,Manufacturing,1,Private Limited,Micro,Semi-Urban,16001518.743455477,0.22950764533396295,0.24258385173377944,7084665.613899184,0.4427495744300377,10,84.19819444928444,30.312406414598293,1,60.88804896375498,99.20551595182489,83.39599994018135,Moderate
MSME_0156,Retail,2,Partnership,Small,Semi-Urban,32978633.892018743,-0.004560742866898851,0.17797802946525668,4525070.7307065325,0.1372121945840109,44,85.26271454218173,0.0,2,43.97032923215148,86.57482451701811,59.37059720487911,Low
MSME_0157,Retail,9,Partnership,Small,Rural,35657018.53185392,0.06002253961431192,0.12836861675454736,15284550.688432295,0.4286547590841887,127,57.27334372460026,0.0,2,92.77020419485845,93.99109569758477,76.27174562728464,Low
MSME_0158,Retail,24,Partnership,Small,Urban,12373768.581419263,-0.0003098035836521379,0.10002652466389833,3466392.3754984085,0.2801403915621651,77,73.75775803486346,0.0,1,93.6579021233904,73.56435836990823,98.95524690075773,Low
MSME_0159,Food Processing,1,Sole Proprietorship,Small,Rural,16088519.636341898,-0.0486640030564785,0.1767839809523726,2684414.623000615,0.1668528045884885,143,94.54584394423114,0.0,3,74.70752867549155,75.63273765725265,65.26553383483656,Low
MSME_0160,Retail,3,Sole Proprietorship,Micro,Urban,32831558.13129851,0.2784066864569689,0.22037703092050195,13343595.910393447,0.40642591061412103,36,43.25016395430393,0.0,2,72.53842737793737,93.71133620691758,50.0094199778291,High
MSME_0161,Food Processing,2,Partnership,Small,Rural,43295898.67137216,0.14132687706572594,0.10749212626319422,21246169.085281435,0.49072013140426374,97,66.34885347068432,0.0,1,42.10123375857027,86.99520603834651,95.90382760995753,Low
MSME_0162,Manufacturing,19,Partnership,Medium,Semi-Urban,37821114.22804081,0.23171737189450353,0.024141507788104536,18347935.620739076,0.48512414282961036,82,70.75516437561296,37.694286627796885,1,71.2608479365972,93.6376919783064,55.62901952059685,Moderate
MSME_0163,Retail,4,Sole Proprietorship,Small,Urban,1113999.795727082,0.11406878791257703,0.08929100997480009,378028.02568449784,0.33934299371910354,97,80.87562593023819,0.0,4,43.22456356245838,93.86197285811002,93.86308814130898,Moderate
MSME_0164,Retail,14,Partnership,Micro,Semi-Urban,31495720.49386034,0.13596078219882068,0.21277500221694262,6743741.951986387,0.2141161353429266,13,72.05437592959193,0.0,2,82.93397382540871,82.94125350700352,62.61536249197033,Moderate
MSME_0165,Retail,3,Sole Proprietorship,Micro,Urban,26499367.997247927,-0.03857401285901599,0.21976684645366643,3335601.518067298,0.12587475740605264,33,71.44747936265773,0.0,5,74.72252280653544,54.110353185589084,95.53382897175698,Moderate
MSME_0166,Manufacturing,19,Partnership,Micro,Rural,30550934.146578323,0.170957643582196,0.15609034733045488,11641540.666936819,0.3810535092342065,5,77.20344992861158,7.901606308322311,4,75.3804531057925,74.38335343106323,82.61121297727362,High
MSME_0167,IT Services,24,Partnership,Medium,Semi-Urban,49200095.48634417,0.044135631039264864,0.1136035392158807,22464370.305772074,0.4565920062494028,80,65.98713452535824,0.0,2,96.29520658851388,61.94283302009639,73.48208873403544,Low
MSME_0168,Manufacturing,13,Sole Proprietorship,Medium,Rural,30733613.51825053,0.048239125430591,0.06760829304083817,9423818.758531272,0.30662905137839164,68,40.42152179570739,13.144128546111467,3,93.75698450446896,64.24540107654803,73.14259775079253,Moderate
MSME_0169,Retail,17,Partnership,Small,Semi-Urban,2697194.7224572944,0.04723772547360704,0.20783690035366514,576727.4476558043,0.21382492070515902,36,46.26111164121308,0.0,3,95.19450709444641,78.73897771322076,51.48341115323699,Moderate
MSME_0170,Food Processing,14,Private Limited,Medium,Urban,46506621.37641914,0.007821378768247546,0.10967064117655514,18227996.95415892,0.3919441235393913,91,89.91860514061052,0.0,5,70.32693016764676,83.73039264581081,64.8363820552045,Moderate
MSME_0171,IT Services,7,Partnership,Micro,Urban,32001867.82407865,-0.032102616495264746,0.07924966067675603,3962147.4195267763,0.12380988013910868,48,87.93787500085269,0.0,2,64.57950552263621,69.19194415224898,72.8118254477771,Low
MSME_0172,IT Services,5,Private Limited,Medium,Urban,4014879.3943961454,-0.021936995071333797,0.10159739712227638,1913854.001340362,0.47669028464757,48,77.32684761699107,0.0,2,84.4019532180059,79.93462011595487,75.10768049809934,Low
MSME_0173,Food Processing,22,Sole Proprietorship,Micro,Semi-Urban,43748080.37658408,0.20339056941313283,0.04772843577284876,20167047.966960464,0.4609813229143367,39,85.595975290002,0.0,2,60.468264429236164,71.10171300638194,64.75203538270782,Moderate
MSME_0174,Manufacturing,23,Sole Proprietorship,Medium,Rural,45551664.52071565,0.23280792046729354,0.06969181395268806,13057070.960584322,0.28664311387888636,57,86.50823996444487,41.54956960015352,2,76.15591456680495,53.880732236572044,77.12671842661257,High
MSME_0175,IT Services,12,Partnership,Medium,Semi-Urban,42949335.71423355,0.27082233254442256,0.11912660071805814,9772980.782704998,0.22754672732845552,67,40.67703366588416,0.0,3,84.04296667200931,85.27929313219123,84.42025092460685,High
MSME_0176,IT Services,24,Sole Proprietorship,Medium,Urban,44559803.24159851,0.07105711125825008,0.05552574186136447,4909559.19389573,0.11017910396230035,145,72.7793863200915,0.0,1,87.08482558940037,80.28896247263452,68.229686409877,Low
MSME_0177,Textiles,24,Partnership,Micro,Semi-Urban,34569574.67112173,-0.0008064613475737351,0.1316856309216615,3837730.5446022726,0.1110146879477862,4,93.02095739147363,23.052402779148014,3,68.3545628282296,96.28186650126679,70.70751121641135,Low
MSME_0178,Food Processing,18,Partnership,Medium,Urban,23196888.93965359,0.05123567019042907,0.22701913209379057,3397313.918500736,0.14645558408021025,143,57.2681694557544,0.0,4,99.79431892237287,77.26905606091512,54.410085189493536,High
MSME_0179,Food Processing,15,Partnership,Micro,Urban,48551736.60702378,0.22073861203709738,0.24542506825516638,14135905.076122068,0.291151379208897,14,69.79376468255022,0.0,5,93.34599847750343,72.0220675156212,65.11666246757468,High
MSME_0180,Retail,19,Partnership,Micro,Urban,17451174.95231831,0.044586692245774134,0.2422759987492737,5638187.2149684755,0.3230835305000176,2,71.92571805465329,0.0,5,77.76174996808811,81.31171607105318,74.44489158962257,Moderate
MSME_0181,Food Processing,17,Private Limited,Small,Rural,28684179.378522996,0.16723116793860443,0.06630178479915964,7402098.700659692,0.25805509730572745,47,86.89067800458545,0.0,5,81.72098335830653,61.38748680516048,98.20144235827568,High
MSME_0182,Retail,2,Private Limited,Small,Urban,23194088.01617826,-0.036706452848551285,0.19154780888421274,7415822.376234822,0.3197289917612696,24,83.6815864402173,0.0,4,63.339103861559394,51.72306297125,98.48038634240477,Low
MSME_0183,Food Processing,19,Partnership,Small,Semi-Urban,15471150.175324306,0.12199636213499486,0.14016215344325683,5029433.897927032,0.3250846796089357,101,64.39007100100473,0.0,4,92.26357369305109,73.82416918891464,99.80614748197206,High
MSME_0184,Textiles,13,Sole Proprietorship,Micro,Urban,15272528.161912896,0.03413383604481933,0.09173678840098451,3091450.275733146,0.20241902604198173,6,68.07378689523277,37.59555066559261,2,79.07373873271268,84.38610212152804,86.13534788491143,Low
MSME_0185,IT Services,10,Partnership,Micro,Rural,17003662.44687597,0.2065679164509977,0.14157296523610532,7096607.847335604,0.4173576057221391,36,94.8801470625088,0.0,2,93.13877197796468,64.73096981730966,50.715763883353,High
MSME_0186,Manufacturing,4,Sole Proprietorship,Micro,Urban,3916962.2739485567,-0.04801696491465146,0.2355309365455228,1679478.4773669173,0.42877065437597184,10,82.13637630375723,50.75528638066393,2,45.22020648740407,69.95500940368615,86.15747432323147,Low
MSME_0187,Textiles,6,Private Limited,Medium,Semi-Urban,31788446.560558993,0.1519642325616688,0.1804839434968888,3256265.3952730284,0.10243549929593564,102,68.74171296352098,17.973940677232434,1,80.0249707228167,89.72577722453744,85.35432386333491,Low
MSME_0188,Textiles,2,Partnership,Small,Urban,33509293.840206258,0.02388936490814765,0.21858217637711042,8729921.978189932,0.26052240968788487,139,62.280648199016156,54.36666012794982,5,69.16287462280579,92.11153731719739,77.44902247208209,Moderate
MSME_0189,Retail,13,Sole Proprietorship,Medium,Urban,21098010.68951907,0.21586400004492878,0.06320385608368805,8184268.179792562,0.38791658134187446,51,64.7142358121803,0.0,2,92.85727966570373,77.73286740175479,81.85454185404525,High
MSME_0190,IT Services,14,Partnership,Small,Urban,40295946.12384976,0.1433753385927612,0.13963907523147276,6332523.428595446,0.1571503845357647,27,54.92751592456929,0.0,2,65.35313451998772,81.47788484458682,52.71660174114519,Moderate
MSME_0191,Textiles,17,Private Limited,Micro,Semi-Urban,9857456.47401282,0.22405582306085647,0.18445890533565729,3325849.6779939085,0.3373943051903739,18,43.447929189202625,50.36030954136014,1,73.61482985223051,97.02242528680863,54.135773076217674,Moderate
MSME_0192,Textiles,11,Sole Proprietorship,Micro,Semi-Urban,13884467.676034015,0.2449491657561942,0.09207002104458292,5770009.728782438,0.41557298871040294,16,91.86410992488234,25.343071331058354,4,87.00560244598672,55.80113406740846,52.11458746113406,High
MSME_0193,Retail,1,Private Limited,Micro,Semi-Urban,715981.8476902999,0.008433581061519542,0.1840005916458933,262446.1286440656,0.36655416543128266,34,55.314167453773905,0.0,3,87.53863538656691,85.12702507674035,64.90261043197216,Low
MSME_0194,Retail,20,Private Limited,Medium,Urban,2885207.613468163,0.0760176630653424,0.24006395756138582,866025.239503322,0.3001604582840805,60,66.17822520564107,0.0,2,85.37696581146335,88.53903091319398,50.14406258328073,Low
MSME_0195,Manufacturing,13,Partnership,Micro,Urban,21081976.284028783,0.20187883581368565,0.10536717140072063,9442728.293813026,0.44790527067268443,23,51.865737354704976,40.66879201860265,5,61.43754699686213,69.7367176922414,96.5403648658245,High
MSME_0196,Textiles,18,Private Limited,Small,Urban,34268597.09101722,0.11385394945536063,0.1532103087361861,4596670.859177825,0.13413653459372996,32,43.19505736441924,6.690732739276584,2,81.7522291146495,54.99334105680891,84.40222219180069,Moderate
MSME_0197,Retail,5,Partnership,Small,Rural,35614456.87082585,0.28209608454089563,0.027227018947592774,14049197.001726652,0.3944801700243048,121,69.20157231266516,0.0,4,40.49619105639178,73.2047579726752,98.17496204437941,High
MSME_0198,Textiles,6,Sole Proprietorship,Medium,Semi-Urban,11380364.766747907,-0.0039686065792677375,0.21713979876694492,3757138.2204836076,0.3301421613006224,52,80.64646067833772,13.395803130311778,1,74.86957179625321,50.06768128577341,64.9900263782618,Low
MSME_0199,Textiles,13,Private Limited,Medium,Semi-Urban,1667950.7499536918,0.26449621163619375,0.20013563505868395,687446.6512178379,0.4121504494283922,64,61.89029111249766,18.174943729991558,3,88.40541727192263,96.86892190821604,80.16459028574715,High
MSME_0200,Retail,15,Private Limited,Small,Rural,49515340.23258726,0.03370557222378505,0.14206959171597225,17844483.593366604,0.3603829340472291,94,92.95225926392634,0.0,4,91.07712041308902,60.24906047634082,86.28136001372079,Moderate
MSME_0201,IT Services,25,Partnership,Micro,Rural,16099778.437061386,0.04668306374130357,0.245780264486063,5005518.879831226,0.3109060723661026,5,61.349113836984756,0.0,4,85.71275659200697,90.4930093680293,97.36976247932233,Moderate
MSME_0202,Textiles,25,Private Limited,Medium,Urban,34654986.9967927,0.19153379538324516,0.2340395651147035,10359241.241810832,0.298924978467589,124,64.62203839757301,8.056491054136533,2,72.07666800310007,88.05441530119379,67.71338824205233,Moderate
MSME_0203,IT Services,21,Partnership,Micro,Rural,14097838.844870653,0.23243792180939776,0.12572292019261208,4492006.470351574,0.318630856812918,14,65.2228868932612,0.0,3,66.62999119280624,72.27708193709455,60.459273270396395,High
MSME_0204,Food Processing,12,Sole Proprietorship,Micro,Semi-Urban,39760572.2628386,0.24882472259663346,0.07565473997292044,19254088.53729373,0.48425079020527995,17,75.0096255714345,0.0,4,99.79277175863804,85.58614028730244,99.0571865895911,High
MSME_0205,Manufacturing,12,Private Limited,Micro,Urban,46009676.526347294,0.011633414965708126,0.0692101188982945,4840762.131747348,0.1052118271028335,7,50.45592073810502,47.555706977303,3,74.20164225807832,84.91555786137863,69.76029631549851,Low
MSME_0206,IT Services,2,Private Limited,Micro,Rural,24106555.270164516,0.20141591138020137,0.07688827263838917,8587865.658667587,0.35624607341955494,40,82.97418623379235,0.0,4,68.25426562263782,88.58134554893039,74.9447832267971,High
MSME_0207,Manufacturing,5,Partnership,Micro,Rural,40335279.53848989,-0.033880143033515275,0.20585823494184088,6903594.83788696,0.17115524961960937,9,84.45514917557657,15.229264689401692,3,41.458488182263224,74.04450733015045,83.1217005850534,Low
MSME_0208,IT Services,4,Sole Proprietorship,Small,Semi-Urban,46016785.72047446,0.2976392553980374,0.030329598768991647,18609333.990875714,0.40440316939815674,86,61.5852002426214,0.0,5,41.63089741707832,52.88514642079494,72.21826746207572,High
MSME_0209,IT Services,14,Sole Proprietorship,Small,Urban,12924568.471483862,0.14742591009173123,0.10247304615072084,4687126.156204951,0.36265242948315046,133,89.6230021904231,0.0,2,96.72956346701748,55.09018414747685,75.29789538674657,Moderate
MSME_0210,Food Processing,9,Sole Proprietorship,Micro,Rural,47837844.622682616,0.0018622748804809075,0.1762964832407989,9087089.761948673,0.18995608672636502,5,71.98922611440565,0.0,3,82.53298568132186,71.37509156640559,66.31692154659936,Low
MSME_0211,Food Processing,19,Sole Proprietorship,Medium,Semi-Urban,45235999.802869536,0.24604734266098865,0.11221660536880075,18331587.894461703,0.40524334544052326,42,66.19846533156044,0.0,2,68.18720436229135,79.55651516292582,59.306794887667394,High
MSME_0212,Food Processing,16,Private Limited,Small,Rural,4022335.116084924,-0.0258473425855143,0.23638043971571482,1217835.063078507,0.30276817518473387,130,84.59832195543552,0.0,5,89.06996896672787,88.69531108853326,67.6301302964429,Moderate
MSME_0213,Textiles,3,Partnership,Micro,Urban,27185180.36043243,0.04886534922950128,0.11780248265066962,3127068.783576207,0.11502843615956296,42,40.000639911545136,24.99394970893753,5,76.1564136941277,60.02801255364915,60.178918877318026,Moderate
MSME_0214,Retail,20,Private Limited,Medium,Rural,36602567.30735582,0.28839592492974986,0.07158750115556037,13367948.517110797,0.365218876721369,106,73.5297056411296,0.0,5,88.50485332394051,90.8389733252818,59.08069838783013,High
MSME_0215,Food Processing,15,Partnership,Medium,Rural,19963162.45088215,0.1567232418981232,0.17203327847688366,2622806.727630342,0.13138232652684959,50,81.46063353130702,0.0,3,70.76078587193243,75.8798150657761,63.442337122642165,Moderate
MSME_0216,IT Services,22,Sole Proprietorship,Micro,Semi-Urban,35863996.12152649,0.21565184888267586,0.04357867173528912,10957949.416688884,0.30554178568270707,26,49.46490761123927,0.0,1,97.31699450278688,91.37531599366106,84.86046909548185,High
MSME_0217,Food Processing,6,Sole Proprietorship,Medium,Semi-Urban,6693700.228516473,0.24766506516629316,0.09925893942293872,751991.447299041,0.11234316172322899,92,58.993807373468826,0.0,4,99.14101873556562,92.82686118739633,85.05849307951298,High
MSME_0218,Textiles,16,Private Limited,Micro,Semi-Urban,27690833.688265145,0.059194407114246464,0.13097509665413296,8381158.591776097,0.3026690595930983,33,80.39441626415753,23.06130231144809,3,91.28685052364985,56.21914156206621,89.87736802685997,Moderate
MSME_0219,Manufacturing,14,Partnership,Micro,Semi-Urban,12131183.547299663,0.19670485351518358,0.2079394726635846,3864656.938789701,0.31857212643113897,41,42.84177969118786,30.287735898271688,3,79.29057445008769,55.92461793842003,98.07566694915424,High
MSME_0220,Food Processing,19,Private Limited,Medium,Rural,40535104.23589516,0.18700334436018579,0.16375671279959733,9186059.89457785,0.22661986610714804,41,76.99866468148939,0.0,5,62.835663035651415,65.6431580427565,96.76485492726638,High
MSME_0221,IT Services,16,Private Limited,Medium,Semi-Urban,1101760.188130647,0.1859069716705774,0.031922233797537676,352060.2692501701,0.3195434660309424,145,61.48751610422666,0.0,5,74.11834013809427,81.0646224524805,66.70249828343846,High
MSME_0222,Manufacturing,14,Sole Proprietorship,Small,Semi-Urban,18114810.583330963,-0.02062816246249971,0.09669639652708242,6720891.414432091,0.37101637820141364,142,43.11221108806936,22.435262820768816,4,99.2819814806385,89.243091147944,86.6743373246052,Moderate
MSME_0223,Food Processing,22,Sole Proprietorship,Micro,Rural,47092986.18797166,0.27015589023477626,0.022640551742356903,13188231.164499588,0.2800466105899244,11,49.865057510671576,0.0,2,64.53214018909857,70.18005011807956,86.89424924173031,High
MSME_0224,IT Services,20,Sole Proprietorship,Micro,Semi-Urban,26225361.01327697,-0.024085223730678205,0.15926101391931305,8043737.189993848,0.3067159756512633,36,54.769356583718405,0.0,4,81.98425074123027,84.48894246240606,57.19709567861155,Low
MSME_0225,Food Processing,15,Partnership,Medium,Urban,5057315.811082534,0.15966560550263353,0.1634392190067612,1817609.0532480439,0.3594019280474753,72,40.83108763179613,0.0,3,74.93039257851035,78.18299855143812,72.53432374694566,Moderate
MSME_0226,Manufacturing,4,Private Limited,Small,Urban,9117042.927915748,-0.009026885501540974,0.12328949135251777,3144497.8301763944,0.34490326030473784,78,80.5094375584136,52.97962948978638,3,78.61505075826715,81.26023847652212,68.6777400523841,Low
MSME_0227,Retail,1,Sole Proprietorship,Micro,Semi-Urban,13028526.189390633,0.1075889861500116,0.240243633469278,3382389.453497572,0.2596141270569739,46,73.94869614667991,0.0,1,64.90201965284345,87.1412487453158,66.35223220759089,Low
MSME_0228,Textiles,21,Private Limited,Micro,Semi-Urban,13306226.286694327,0.1020411616523134,0.18639299810550022,1378813.3177993167,0.10362166463214839,29,73.73104266880586,38.26129481375613,2,88.03470543445728,60.20123328692893,82.69970461699006,Moderate
MSME_0229,Retail,23,Private Limited,Medium,Semi-Urban,18120566.10817552,-0.04446538131846328,0.03774338876410383,8416410.669728972,0.4644673140720317,80,63.362434173377906,0.0,2,83.8838308074688,79.74016073388948,68.61001959126096,Low
MSME_0230,IT Services,18,Partnership,Medium,Semi-Urban,24928299.111643206,0.049156666848725716,0.2009569857721393,6455912.525785063,0.2589792627596367,121,80.85848215173664,0.0,3,80.85796096667521,53.42293596667891,68.5556469215064,Low
MSME_0231,Manufacturing,6,Private Limited,Micro,Semi-Urban,13808248.96191858,0.07895712197080261,0.22592960050522892,5061899.969859666,0.36658521901073426,22,62.62367065745291,52.42337521093351,3,88.21843321133946,71.38006668516687,72.12727574073728,Moderate
MSME_0232,Textiles,11,Sole Proprietorship,Medium,Rural,41324790.248676874,0.052334088644267585,0.1221014745364669,4494704.510978703,0.10876533151000357,23,72.4627962532991,24.457971478779346,3,79.6438291753266,96.35553144292138,55.26966090539026,Moderate
MSME_0233,Food Processing,14,Partnership,Small,Urban,13381711.600268854,0.005822291889475396,0.056906401282382085,1715492.3147222416,0.12819677825725787,111,76.53206617439326,0.0,3,92.56502742364647,84.25671549372422,55.521593170555136,Low
MSME_0234,Retail,1,Private Limited,Small,Semi-Urban,13116671.321286675,0.2098857914941475,0.03762623548930723,5890097.934206289,0.4490543210187341,74,51.88330639346215,0.0,5,56.33712710150204,67.72124743965274,75.28170767109793,High
MSME_0235,Manufacturing,17,Sole Proprietorship,Micro,Urban,4343218.411444673,0.2401049466885355,0.10024471725961943,1340489.8812064482,0.3086397584045433,6,77.23174306482605,50.274502491108215,3,76.5806425926717,50.66255167519553,64.79714444293283,High
MSME_0236,Retail,23,Sole Proprietorship,Small,Semi-Urban,24724134.224048175,0.10036300724632717,0.1903440142457052,11006911.592085823,0.445188959594785,127,68.32133424522927,0.0,1,73.8091981467989,70.71004627859152,86.62069324063343,Low
MSME_0237,Food Processing,14,Partnership,Small,Semi-Urban,5714601.481825992,0.027826456661859594,0.13942165127944717,1960685.9015434547,0.343101073238261,66,61.506807802006925,0.0,3,73.42695332156238,87.46952264005796,78.59561019253003,Low
MSME_0238,Food Processing,9,Private Limited,Micro,Rural,43637686.85813842,0.18764247256331468,0.11472889029602408,17517819.29159689,0.4014378522983012,30,67.50620136421449,0.0,3,81.86741020397156,78.77046936430742,51.10707377363147,High
MSME_0239,Retail,16,Sole Proprietorship,Micro,Urban,17191725.490504727,-5.3123149838518735e-06,0.17917693881560484,3137504.4382134597,0.18250084553446105,6,82.06405348526025,0.0,3,68.17265533595881,75.39025319793896,70.9635830583011,Low
MSME_0240,Manufacturing,17,Private Limited,Micro,Semi-Urban,23975623.538359202,0.1462374032286325,0.16453808502135503,9001711.43419294,0.37545265172315023,17,40.54883271621472,43.40661974129472,1,78.60220993202577,93.7085341078513,60.17182375680456,Low
MSME_0241,Textiles,19,Partnership,Micro,Semi-Urban,22839058.59494812,0.014204768741202078,0.2166440244991391,10346640.555156346,0.45302395070893897,4,40.73522257926676,24.584354186576345,1,92.14150637850413,95.08870142731143,60.17363712487979,Low
MSME_0242,Textiles,15,Sole Proprietorship,Medium,Urban,49094513.45479651,0.10766750001470836,0.13807468835173056,24335517.07804059,0.49568710158310003,39,94.84502946466228,33.54355709679613,5,77.85547561052779,53.500175606653286,86.46173714568215,High
MSME_0243,Food Processing,23,Partnership,Medium,Semi-Urban,33008109.493719593,0.19806797933020398,0.021923646831677135,6174726.69279898,0.18706695983221444,81,86.32790276124638,0.0,1,60.212539026733836,90.22473212159112,88.64047866451688,Low
MSME_0244,Manufacturing,4,Sole Proprietorship,Small,Rural,39207018.86931898,0.21311144733854415,0.20469047655030254,12044522.700526124,0.30720322656184995,118,76.91366103588288,37.228427103118236,5,59.33100863169171,83.12419734708041,67.34813298672792,High
MSME_0245,Retail,17,Private Limited,Medium,Semi-Urban,21941574.010100737,0.22100593903060828,0.21609453963581882,6947987.390053678,0.31665856728670394,81,48.606219380198034,0.0,2,76.59884861600312,85.63888381084155,69.31059964085154,High
MSME_0246,Food Processing,25,Sole Proprietorship,Medium,Rural,21530116.721970305,0.2677434798592369,0.1366237187499052,3771390.7655534362,0.17516815232612923,100,72.15674495912036,0.0,2,75.31195057745552,91.09154732926797,82.97553843203852,High
MSME_0247,Manufacturing,6,Sole Proprietorship,Medium,Semi-Urban,46983889.732789434,0.172730998536681,0.09463771404032868,9763475.221126491,0.20780474491690906,141,55.31516505054651,39.28254452137794,2,86.47875779175475,90.74698642702697,88.90126215723265,Moderate
MSME_0248,Textiles,5,Sole Proprietorship,Micro,Urban,13349034.239114935,-0.0382132586439376,0.22221272769828695,2634547.6870999634,0.1973586732874122,6,74.65219331639902,51.48722365506621,1,84.89595934788329,94.4059094467018,66.26453091808739,Low
MSME_0249,Retail,7,Sole Proprietorship,Small,Rural,42321131.71388383,0.037153057638181455,0.15264155173728394,5370651.728808629,0.12690236558694715,46,94.93909366183098,0.0,3,97.34284333830593,90.06739959369042,83.71294210032495,Moderate
MSME_0250,Food Processing,13,Private Limited,Medium,Semi-Urban,2497365.929555136,0.09391703129810507,0.0499185540606578,272138.8535688321,0.10897035566482206,67,57.1708002519682,0.0,2,88.24634008476217,65.44779950340764,56.632228880047656,Moderate
MSME_0251,Food Processing,3,Private Limited,Micro,Urban,20415580.284247972,0.08670776265362375,0.0359455159891859,7254245.601901206,0.35532889591673067,20,64.32615929981245,0.0,2,46.921774666469716,78.94200840177963,78.4742242086127,Low
MSME_0252,Food Processing,14,Partnership,Medium,Urban,31837096.348225895,0.11424982956402661,0.12190365333599686,9476600.434962457,0.2976590682551531,132,65.36417956896506,0.0,1,80.16015054385304,97.46003465904457,91.64159509345379,Low
MSME_0253,Food Processing,23,Partnership,Small,Semi-Urban,46289835.17947922,0.17107523027901206,0.03250987216013157,16557998.538374867,0.3577026894603247,108,75.67514262228485,0.0,2,82.18750839120345,87.38971748796862,90.51292933497658,Moderate
MSME_0254,Manufacturing,15,Partnership,Small,Rural,33554149.28435607,0.24307847791955273,0.059037538572692325,3612370.8319536666,0.10765794719873467,131,41.37314221660314,10.286050602632564,4,78.19489771211472,84.2850271466822,95.51065174338783,High
MSME_0255,Textiles,24,Partnership,Small,Urban,8107706.620788124,0.15041253150870781,0.08371288059497513,3798647.068699203,0.46852300488519016,45,80.73105977927304,5.694506476040773,3,62.0795740791083,51.58718826864943,71.16675720765987,Moderate
MSME_0256,Manufacturing,20,Private Limited,Small,Rural,30040432.788103636,0.12555149497128193,0.24452300424725926,11216542.184404688,0.3733815109630035,107,88.65208111066534,7.513233571009885,3,61.201040213175716,94.86829328954659,81.1315266799329,Moderate
MSME_0257,Manufacturing,8,Private Limited,Medium,Urban,3588506.3956147227,0.0673476675274035,0.03541380368277829,1758860.668524892,0.4901372533916283,36,86.89010816852837,56.27791388603365,3,82.07508545684743,89.47047109567927,70.81090294226746,Moderate
MSME_0258,IT Services,2,Private Limited,Small,Rural,47147980.9731127,-0.023812578181759442,0.12084504450763299,14707930.743635587,0.31195250443541045,56,81.76108788051604,0.0,4,53.918424083132834,89.91465986045932,66.31269590205734,Low
MSME_0259,Retail,24,Partnership,Medium,Urban,18007985.98574633,0.05586766020877429,0.2443358537436768,3026173.018920605,0.1680461669237126,23,48.08070579710739,0.0,2,93.17256936503037,85.33377668388499,80.86094029389504,Low
MSME_0260,Retail,6,Partnership,Small,Semi-Urban,655474.8493820447,0.010985190575882833,0.2213432937780219,181368.97096671356,0.27669859665508284,76,79.33525501291327,0.0,5,76.7442909967332,72.9215712065719,86.25030381495594,Moderate
MSME_0261,IT Services,19,Sole Proprietorship,Medium,Rural,16036837.08776229,0.13830794687736603,0.21322485804101596,7950750.346211734,0.49578045238602264,59,60.430699444340725,0.0,3,80.91040566247479,73.54336781115884,82.8027510987852,Moderate
MSME_0262,Textiles,12,Partnership,Medium,Semi-Urban,6292080.380468337,0.22990126976655184,0.04834349241475472,2387292.374860711,0.37941225008365487,108,68.26179040171289,54.19788086254263,5,98.05779302652368,58.77458136906787,78.38636589655273,High
MSME_0263,Manufacturing,14,Private Limited,Small,Semi-Urban,46649976.53232944,0.20956091680812494,0.08426565336049656,7121652.384273927,0.15266143551730338,139,50.189869546082804,16.718583786902183,4,79.63060026849442,70.32783919040521,95.15953894172145,High
MSME_0264,Retail,6,Private Limited,Small,Urban,39389333.6246918,0.03847945540552054,0.23594584080949327,18024325.96132248,0.4575940820187843,95,70.62317010105033,0.0,5,91.8370554857401,58.75615700651766,83.63823072062334,High
MSME_0265,Manufacturing,21,Partnership,Medium,Semi-Urban,13530743.652641553,-0.04977131323354516,0.22025387784886907,5642833.260442602,0.4170379252836539,39,60.70916582841141,13.92334438206936,4,78.33294378350303,67.56096936743904,54.68882631285082,Low
MSME_0266,IT Services,8,Partnership,Medium,Urban,47260953.742469214,0.1634795455086181,0.232640167808337,19581397.409338184,0.4143250581873494,32,65.74379798288595,0.0,1,90.90065144317616,85.12441707942344,80.7626826641207,Moderate
MSME_0267,IT Services,17,Partnership,Medium,Urban,38587720.25706133,0.0892529960560995,0.2103372020230308,6493670.653323243,0.16828334532499206,113,51.24466048553502,0.0,1,80.42323029838239,80.75645702706,95.53028586072108,Low
MSME_0268,IT Services,12,Private Limited,Micro,Semi-Urban,31502956.40698166,0.04746475512464331,0.21618585892603603,14849025.68350673,0.47135340225452305,48,48.83737715915149,0.0,3,90.14936281712018,60.775037943377555,66.80035294950544,Moderate
MSME_0269,Textiles,1,Sole Proprietorship,Small,Urban,30611815.2503847,0.04836741255841119,0.059904091581655064,7711134.909301821,0.251900609167727,61,61.5651467297515,45.04617895266334,3,72.57578416644462,60.539072467734414,77.82281029127282,Low
MSME_0270,Retail,21,Private Limited,Small,Rural,3775176.847304802,-0.04329558005706149,0.21017746902373322,1169905.6168325446,0.3098942550645729,134,58.97960600322786,0.0,1,73.28822283789286,64.68879530871953,52.074958359153975,Low
MSME_0271,Textiles,17,Partnership,Medium,Rural,15134899.809818022,0.1668655744307228,0.15791434074578192,4578793.382082205,0.3025321237417071,62,58.68736332643641,27.337149386235097,2,88.64199892968578,85.31230812776312,81.13447704748987,Moderate
MSME_0272,Food Processing,3,Partnership,Medium,Urban,4904990.885389159,0.29709362568035813,0.14443066675336239,2422762.847608077,0.49393829758683766,133,91.07468091634667,0.0,4,48.244238828256925,61.999468193497876,85.50663202822687,High
MSME_0273,Retail,25,Private Limited,Small,Semi-Urban,12709601.482367622,0.11483608835215671,0.17224013550651265,5089824.96957747,0.40047085478161715,123,71.78401119817485,0.0,3,71.77066946548457,55.73984636256401,97.07664551422205,Moderate
MSME_0274,Manufacturing,15,Private Limited,Micro,Urban,12848181.112514999,0.2009921989652677,0.216910474773161,3118349.7201372767,0.24270748464930905,13,90.00463952294722,18.83268459090164,1,77.60232186037595,86.48559532487111,97.01104027856425,Moderate
MSME_0275,Retail,25,Sole Proprietorship,Small,Urban,36878829.44604726,0.13600921996625687,0.08622742881547828,10957726.70686789,0.29712783381312985,129,72.78450753810682,0.0,1,66.57622116315515,55.829153727784835,77.33478410360651,Low
MSME_0276,Manufacturing,11,Private Limited,Medium,Semi-Urban,46611968.25831931,0.2373433560546993,0.15031920954825648,16911390.717206303,0.3628121992936429,59,61.97353315228141,19.607682351466643,1,63.30936158494683,62.696888596184806,88.99941634552721,Moderate
MSME_0277,IT Services,13,Sole Proprietorship,Medium,Urban,6376100.227701018,0.2931988794712532,0.06938005411657175,809086.7711639892,0.12689367203622448,21,80.6376672423168,0.0,4,84.67776109538008,93.17328651707317,61.15310307713784,High
MSME_0278,IT Services,13,Private Limited,Medium,Urban,12689085.968044704,0.0982417705971637,0.20252125054392436,1430204.564782172,0.11271139374292978,50,42.90208918227815,0.0,4,80.94345940885812,60.91299363468647,99.47158828898158,High
MSME_0279,Manufacturing,1,Sole Proprietorship,Medium,Rural,18280832.975643173,0.23824327931413664,0.20876011697635924,5318628.457137274,0.29094015924896055,27,48.70671450580879,3.107153323969012,2,47.80179056699885,91.7295476297636,67.9167328335837,Moderate
MSME_0280,Retail,6,Private Limited,Small,Rural,19359068.046585795,0.2329420086127918,0.2094334304722639,4914191.601196,0.2538444303915073,79,46.52540711578692,0.0,2,87.35465807341373,76.57860763433656,51.632953039224795,High
MSME_0281,Retail,20,Partnership,Small,Semi-Urban,32992275.37328252,0.2899028175789,0.14930342654484077,12731762.305486087,0.38590131057757837,32,52.319040022579465,0.0,4,64.65433940657984,80.63979177682552,96.92410791070773,High
MSME_0282,Textiles,3,Sole Proprietorship,Medium,Semi-Urban,11958264.747692918,0.18847355463447207,0.236242133987979,1419617.483016062,0.11871433798870741,80,64.09971941664953,53.95562153548138,2,45.293715910656466,67.7448841743277,70.65862586038597,Moderate
MSME_0283,IT Services,14,Sole Proprietorship,Medium,Semi-Urban,14756264.623240037,0.14471480253997776,0.02670569278508047,6830668.663155323,0.4628995777425623,109,49.251201067158505,0.0,5,88.40459065349117,54.78645273721987,65.88473487735811,High
MSME_0284,Food Processing,9,Private Limited,Micro,Rural,44365997.72040258,0.27700643995862156,0.23077672524237522,15712916.535258887,0.354165742744764,17,62.176584825110254,0.0,2,72.59303317406595,52.15262013578343,89.04819318222177,High
MSME_0285,Textiles,2,Private Limited,Small,Urban,33073721.701130427,-0.04717931383025808,0.23693020928109554,6444672.198397049,0.1948577863910845,127,60.847226696066926,54.903643951033345,2,82.21061626430716,74.2010286254702,75.70477212756299,Low
MSME_0286,Retail,10,Partnership,Medium,Semi-Urban,13963930.964545624,-0.04776733480769327,0.24502160102307702,6790644.043304767,0.486298883927899,100,80.06039698868054,0.0,5,94.28766628238355,91.021341012951,72.02867640061537,Moderate
MSME_0287,Manufacturing,20,Partnership,Medium,Semi-Urban,22992956.146757666,0.22306624396904823,0.24945324911781866,4057172.305853244,0.17645283537955875,33,77.84250563907709,7.22325472734534,1,67.92382066881159,53.28460582448296,94.35596586118493,Moderate
MSME_0288,Retail,15,Private Limited,Small,Urban,8431167.24833706,0.009827740847296894,0.11617330127744392,3397028.502497525,0.4029131913102003,77,58.729965951394334,0.0,1,62.09565182379445,57.98124507160836,66.78116364889559,Low
MSME_0289,IT Services,3,Private Limited,Medium,Urban,41829886.681872986,0.291141708616993,0.05115569346277889,8056021.452773198,0.19259008550611925,83,55.27454980429641,0.0,1,60.98136914034052,52.53112361345371,51.96959168464097,Moderate
MSME_0290,Manufacturing,19,Partnership,Medium,Urban,36692288.5505184,0.2813646123107961,0.19977156021517178,8273472.799208263,0.2254826048208261,67,78.3743969154311,21.846766500629965,4,98.95201653428597,77.2099331251851,63.76195905185041,High
MSME_0291,Food Processing,15,Private Limited,Medium,Semi-Urban,19048737.540115133,0.14245399697167183,0.03163181387957264,5151702.40281991,0.2704484951808923,62,84.31068429498382,0.0,5,72.70218319478008,62.969420037159814,54.37956487029732,High
MSME_0292,IT Services,16,Partnership,Micro,Semi-Urban,43599078.54514325,-0.020766279861993437,0.06855896678834861,17482678.315781098,0.40098733503459777,46,87.88486348159198,0.0,5,77.6842813871888,66.72005894943743,69.72861576594619,Moderate
MSME_0293,Textiles,19,Sole Proprietorship,Small,Urban,40368900.300349325,0.21605632542655567,0.05539697807956795,6446904.815584358,0.15969978789658956,89,59.06073178991012,24.462946239913514,2,62.26721728663342,51.73363521130332,69.59552814719545,Moderate
MSME_0294,IT Services,13,Private Limited,Small,Rural,13361492.828044824,0.26013013808473073,0.2260086871813218,2925029.6219542585,0.2189148817125306,57,53.22923718490818,0.0,1,65.64430376085404,77.27910608960332,55.279577298832,Moderate
MSME_0295,Retail,20,Private Limited,Small,Semi-Urban,18343488.004506916,0.18494478883019638,0.0822481066558061,2430362.7331253625,0.13249185392266907,61,64.44905391775877,0.0,4,99.09119730265789,89.69090519540198,82.97114810409988,High
MSME_0296,Manufacturing,21,Sole Proprietorship,Medium,Semi-Urban,49266140.4769884,0.21880190235962338,0.11990314457248008,13724402.221317014,0.27857676871861947,79,76.59508646303973,30.04265555020028,5,77.18491455587376,63.946903803673834,56.45872226215552,High
MSME_0297,Retail,4,Private Limited,Small,Semi-Urban,41009831.026586995,-0.03595139932012172,0.22468007656345837,20373072.962229013,0.4967850988954573,84,75.86511840349078,0.0,5,78.26816819290204,62.651317046012664,93.27811915861017,Moderate
MSME_0298,Textiles,19,Partnership,Medium,Rural,33855025.46436523,0.24641052855013346,0.09459575679084915,12546452.372936254,0.37059349980824174,132,91.91605559120518,45.94974235409459,2,83.01436692516394,71.4531184651333,63.79613471902734,High
MSME_0299,Manufacturing,10,Partnership,Micro,Urban,33226463.582220476,0.17828237359635424,0.07774842384298859,11967178.695423175,0.3601700995295457,46,73.3298331999064,50.96678437354413,3,64.53763268415668,99.84546092946778,59.172620057511466,Moderate
MSME_0300,Manufacturing,2,Sole Proprietorship,Small,Urban,31325247.97349525,0.23236514732619412,0.2136636021465511,9180972.495062362,0.29308538923077376,85,63.45190962408924,32.88871216368132,3,71.67058701210635,90.27629567880285,69.89420877785115,High
MSME_0301,Textiles,5,Sole Proprietorship,Medium,Urban,3935007.252257078,-0.018543101892343768,0.15820976130158979,930170.5057529618,0.23638342857422334,147,87.46549753369749,9.041249220050027,4,89.57267839213961,86.34194155241187,89.2384840912494,Moderate
MSME_0302,Retail,4,Sole Proprietorship,Micro,Urban,34141842.52855961,0.28107362541123027,0.0880395424242033,3429371.830825223,0.10044483767847497,17,51.98402587947092,0.0,4,56.291173038524235,56.38873263949952,72.11832665512094,High
MSME_0303,Textiles,16,Sole Proprietorship,Micro,Semi-Urban,28050632.21085659,0.0699558238997675,0.05095254143394479,3864467.1298971227,0.13776755906419239,42,65.3368406408419,29.938267014825957,5,64.13736459441934,70.10136084441203,86.44696000525786,Moderate
MSME_0304,Food Processing,14,Private Limited,Medium,Urban,1174884.1833381627,0.06295430045432343,0.1475020366797649,187143.75909982432,0.15928698483972986,51,86.813290448429,0.0,3,92.94425683192758,94.93939448686739,77.65559855291858,Moderate
MSME_0305,Manufacturing,22,Partnership,Micro,Urban,19741954.21988906,0.03410469320762835,0.0418420133025266,4461037.628417966,0.22596737783555831,24,44.45712357557812,49.78337197929746,3,81.27487066020066,93.68092643686077,99.77844502453439,Low
MSME_0306,Food Processing,1,Private Limited,Small,Urban,15634325.89364091,0.09094630234809604,0.17467667041493928,5829675.466063141,0.37287667570203953,48,78.20595750455965,0.0,1,71.61981282327542,56.41629310943823,78.92462541146651,Low
MSME_0307,Textiles,20,Sole Proprietorship,Micro,Semi-Urban,43706541.367500395,0.12498564718767595,0.18795731359180137,15195413.645508168,0.34766909414633473,14,77.0535953448186,46.04992983544233,4,77.72134825350477,80.8552972214328,92.49796652516027,High
MSME_0308,Food Processing,8,Partnership,Small,Semi-Urban,24185307.970305864,0.15494730507765564,0.1445161168087108,3250816.4823071654,0.1344128628131773,58,93.65101655727119,0.0,3,85.51096567382366,91.00337510278247,52.07894799232969,High
MSME_0309,Food Processing,19,Partnership,Small,Rural,32821008.077823192,0.003871828424016753,0.24471728560539047,10434090.272732656,0.3179088907931156,71,80.16219447664871,0.0,3,96.3094173271005,99.82828281444912,85.0215899578252,Low
MSME_0310,Textiles,11,Private Limited,Micro,Urban,1536238.8324232968,0.06052060293732359,0.03308272148885871,624651.49495948,0.4066109264886509,5,61.77654744077724,45.37522748534606,2,76.49118911326661,96.73649577441505,62.543954994535014,Low
MSME_0311,IT Services,11,Private Limited,Micro,Rural,40880585.5294378,0.11335483281878263,0.037646250176163604,6803388.275665683,0.16642100859261455,36,76.19562199310707,0.0,1,64.25349189392908,55.706998465481604,97.05241300191885,Low
MSME_0312,Retail,15,Partnership,Micro,Semi-Urban,509233.14444782416,0.16489280969568781,0.16177848079553012,144101.38074336038,0.2829772223479553,39,65.04607245143342,0.0,1,97.62015811517611,82.4382693079693,97.72829644294055,Moderate
MSME_0313,Manufacturing,10,Partnership,Micro,Semi-Urban,26500291.729688372,-0.011076938431623454,0.21967893792509594,5802096.104513389,0.21894461252338893,45,61.545834780925304,9.759648906329108,1,84.79874259496657,84.90992153382498,60.74582656933596,Low
MSME_0314,IT Services,9,Sole Proprietorship,Medium,Urban,13085930.956520796,0.05341377361936575,0.14189317843492674,4859548.845714636,0.3713567542012053,51,89.94101999819142,0.0,2,66.88344129810505,93.93846248964573,77.91761575320568,Low
MSME_0315,Food Processing,4,Sole Proprietorship,Micro,Semi-Urban,47008645.1567457,0.21429676610581855,0.1549235012052424,20278376.322193388,0.43137546837559637,31,57.32557048072024,0.0,2,71.50465634308317,91.43264530591446,89.17347800246338,Moderate
MSME_0316,Retail,7,Sole Proprietorship,Micro,Semi-Urban,43819114.12174703,0.2898290873616165,0.06074531034120388,17038029.52048926,0.38882642568151415,9,84.09263612552178,0.0,3,80.65133196790697,79.0322612954817,96.79686241242797,High
MSME_0317,Manufacturing,10,Sole Proprietorship,Small,Urban,39403301.17234121,0.16627604594620427,0.09862487566456118,17713753.34097851,0.4495499822084074,95,84.79127285978188,16.82008515308475,5,77.5942255885534,82.19782897238068,69.04759225117375,High
MSME_0318,IT Services,3,Private Limited,Medium,Rural,19469160.614388958,0.025716472170789456,0.12179278956454755,2323548.6171012954,0.11934508441951236,141,64.26328037268478,0.0,3,69.40002317148142,67.65514444691948,89.98916822228917,Low
MSME_0319,IT Services,12,Private Limited,Small,Rural,39328070.92403346,0.15949704762621597,0.11525244568960323,19002472.18062709,0.48317834397045495,138,66.30845149188058,0.0,2,67.393535917881,52.979354867657186,80.21796598573856,Moderate
MSME_0320,IT Services,21,Private Limited,Small,Semi-Urban,33492837.84630523,-0.02196299568663922,0.12162175210444957,5537930.324036447,0.16534670335936807,102,80.82614459936445,0.0,5,75.46828228175912,52.55751028101988,69.8896720464549,Moderate
MSME_0321,Retail,19,Private Limited,Medium,Rural,7693671.274814953,0.12699386032348087,0.03426952590000749,988346.488530668,0.1284622715511639,106,68.62471722909072,0.0,3,95.12134051377828,77.89368378300367,97.98955102024252,High
MSME_0322,Manufacturing,7,Private Limited,Medium,Rural,41205786.01711395,0.26596732578757804,0.1407269969469428,11557286.641430294,0.2804772765802895,29,92.02839894150796,50.52992259902286,1,63.087501209058715,58.49435366095287,56.34722068774863,Moderate
MSME_0323,IT Services,14,Partnership,Micro,Urban,3425738.133344899,0.19175421028964207,0.18762083111901248,406940.6800713571,0.11878919643925592,14,45.012735169457265,0.0,4,63.07032247554952,50.209372181397896,83.52171668984587,High
MSME_0324,Food Processing,24,Private Limited,Medium,Urban,21064428.529308435,-0.041598234304288904,0.09713546943001637,3598497.4579808256,0.17083290215891594,86,93.22915057066668,0.0,5,69.47695975586893,54.84828354827124,58.95158187207919,Low
MSME_0325,IT Services,2,Partnership,Medium,Urban,24016948.70690502,0.27285199927964354,0.03672903798909373,5097365.006150847,0.2122403252951664,54,57.87075369236527,0.0,2,83.71536670685403,91.53113802158956,61.23286988208833,High
MSME_0326,Manufacturing,1,Private Limited,Medium,Semi-Urban,30807650.401846685,-0.0441634652785563,0.06479790446806195,13068213.639297476,0.4241872868861864,111,80.23591657586238,22.32721291450192,4,80.20827824919421,93.321159176985,52.980866267232955,Low
MSME_0327,IT Services,3,Partnership,Medium,Semi-Urban,23252407.570594,0.18651645251332832,0.16228036649160596,7613324.266058992,0.32742090224184484,35,74.80414358638288,0.0,3,59.80004831928076,56.65048994536644,57.936838168715475,Moderate
MSME_0328,Retail,8,Sole Proprietorship,Micro,Urban,10811611.80542164,0.0744037680774216,0.17392037688271933,3173435.281122303,0.29352101594425895,24,72.39610500395014,0.0,5,83.75122527773809,78.77967143200411,58.07289170321201,High
MSME_0329,Manufacturing,7,Private Limited,Medium,Urban,11617820.7837068,-0.025796251298524572,0.2103247105762049,2344664.6423111954,0.2018162171686645,69,42.38234002898716,41.96036797515858,3,87.79812477372191,78.36954720780366,89.81218047281936,Low
MSME_0330,IT Services,8,Sole Proprietorship,Micro,Urban,7092515.2205424085,0.04146655625988431,0.11639287877092962,2409467.247955451,0.3397197148025555,42,50.05131412930898,0.0,2,60.25857431158842,74.8119610950407,64.28129942811215,Low
MSME_0331,Retail,11,Partnership,Small,Semi-Urban,9133258.722019225,0.11507732176270836,0.04102705811794178,3199131.7851501894,0.35027276490454107,135,62.40510383170578,0.0,5,70.14451083438833,82.10432536761995,63.77682835704256,High
MSME_0332,Manufacturing,11,Partnership,Micro,Rural,31534937.509171467,0.23293820880640803,0.16067867645969824,6884046.112886649,0.21829902503800827,10,71.46676300472134,10.847109033742772,2,67.2468740340008,89.53455509500839,69.23662882537225,High
MSME_0333,Manufacturing,13,Partnership,Micro,Rural,3835155.1403353238,0.24103927521818297,0.06078510724150607,1492752.2747641562,0.3892286544198675,11,68.49426239221896,12.839680721898814,4,60.584359884355315,68.01877461815853,80.24197146812907,High
MSME_0334,Textiles,8,Sole Proprietorship,Micro,Urban,15029972.226703692,0.04309919258243028,0.09653959986098297,4854109.675737969,0.3229619857256749,6,65.21852092028584,33.87543833600781,2,95.436559819897,90.80395211716757,50.94727016871773,Low
MSME_0335,Retail,10,Sole Proprietorship,Medium,Urban,44047743.91357001,-0.032772679910733446,0.07314859616113413,20215900.901171803,0.45895428698548596,136,40.051117927847855,0.0,5,65.52501172560989,92.95558788234582,75.00291295955434,Low
MSME_0336,Textiles,5,Partnership,Micro,Semi-Urban,15973602.232960856,0.09373892155359899,0.0682287638089462,7837039.160405398,0.49062440932916174,40,44.604871581494166,23.156370656215643,2,79.09454564984449,88.2929321942371,84.58278259332707,Low
MSME_0337,IT Services,20,Private Limited,Micro,Urban,33749588.53258101,0.20525843016702217,0.15226393189552737,6166966.371029076,0.18272715725335853,7,60.182877385396026,0.0,3,77.09866112666757,82.26092879223319,87.26073713454173,High
MSME_0338,Food Processing,22,Private Limited,Medium,Rural,10332264.886162521,0.22418552699854344,0.22912811972050826,2563361.2933666343,0.24809287427383073,54,86.53683157916274,0.0,1,86.30864589103814,82.07842833424972,51.27848995448673,Moderate
MSME_0339,Manufacturing,25,Private Limited,Small,Semi-Urban,12802721.135907587,0.060929917618548476,0.20603005440308733,5763726.93305906,0.45019546015835865,26,87.1477015553385,45.879057023092415,1,96.47274514744367,54.87538462319376,92.66646082793939,Low
MSME_0340,Manufacturing,23,Sole Proprietorship,Small,Semi-Urban,25773235.232060928,-0.00801647039416057,0.09177473026996476,10849460.181098381,0.420958412221453,97,64.49752366081827,5.055322645078277,3,92.47784938551533,97.2874851112965,65.64597740144113,Low
MSME_0341,Food Processing,7,Sole Proprietorship,Micro,Urban,30093079.348861404,-0.021311992874718237,0.16877256265306761,10532333.998610726,0.3499918993504141,4,49.287215485371725,0.0,3,98.37888731821647,60.88562564890758,54.407607906832226,Low
MSME_0342,Manufacturing,11,Partnership,Micro,Urban,9865191.723322567,0.20213439950525602,0.13755613685258514,3371184.5446096887,0.3417251928961279,36,83.61846656038608,58.87449584732773,3,88.37555287297545,55.27006886982311,91.94269309520345,High
MSME_0343,Retail,17,Private Limited,Small,Rural,15661899.345933108,0.0641377483794007,0.03631067068223523,3757578.2192470315,0.2399184247230368,69,74.72567877038571,0.0,3,85.1851337975437,93.17423041845576,56.614397382551914,Moderate
MSME_0344,Retail,20,Sole Proprietorship,Micro,Urban,3280019.4902139986,0.03947368282837653,0.14133963926986656,553137.7203908953,0.16863854682607599,19,64.23656858833614,0.0,5,61.33071884677434,56.094404126613526,70.79306697039738,Moderate
MSME_0345,Food Processing,22,Partnership,Micro,Urban,33325739.324272834,0.15837822955490544,0.11548350041833153,8960521.264843246,0.26887689355227123,23,50.764195205480696,0.0,2,85.94988455580072,70.94848868897623,72.90143082919343,Moderate
MSME_0346,IT Services,23,Partnership,Micro,Semi-Urban,16382299.866117258,0.1586175405163326,0.2490189239718043,4490468.860909107,0.27410491186262154,21,40.090406641184735,0.0,3,62.189308276999434,60.21210531842144,70.9347571663842,Moderate
MSME_0347,Manufacturing,2,Sole Proprietorship,Medium,Rural,42272030.855930984,0.20980228102043147,0.05859735699858659,6262408.208584591,0.14814543048399442,129,88.19058630482559,43.36707603729127,1,75.27813558248455,65.38514066949219,62.108732517373525,Moderate
MSME_0348,Food Processing,11,Private Limited,Micro,Rural,5974878.144221462,-0.03754341921773327,0.24869596961771442,1153697.2246126572,0.19309133956622074,24,81.26434367480235,0.0,1,75.67243578468687,90.12008922256621,67.06222248788603,Low
MSME_0349,Retail,11,Private Limited,Micro,Rural,43933880.26685686,0.22061422544056536,0.17446518087595297,4950864.88957043,0.11268899672641247,35,65.34034801329206,0.0,3,92.3227126846409,66.03622622299788,78.12146870589605,High
MSME_0350,IT Services,1,Partnership,Micro,Rural,5319661.2426654445,0.19723019888349863,0.09948330475028701,546823.4314309558,0.10279290475213926,13,92.4723245792947,0.0,3,40.91375348617531,95.20676762890953,53.43243330739361,Moderate
